,Unnamed: 0,Unnamed: 0.1,text,label
2145,4995,4995,السيد والرئيس وليش عم تشددددد دخلك كل حجمك أرنب عند معلمك بالقرداحة,1
4621,3363,3363,ولو نسيت على المنار شكراً قطر وينك يا شيخ حمد ,2
2656,5128,5128,ارمني يوناني يحمل جنسية المانية من مواليد سوريا يعني ابوه كان لاجئ كلب ابن شحاطة بسوريا كاتب على واجهة شركته الخاصة يجب ان ترحل ميركل لك ياحيف على الفول والحمص اللي اكلته بببلدنا يا ابن الصرماية,0
3597,5559,5559,اجواء اوروبيه بواقع صومالي زنجي حقير,0
3348,3781,3781,وشو فهمك انت يا غبي روح انضب ولك يا واطي واحد حقير ومنحط,1
3893,4486,4486,اه يا هبيلة هيدا شربان بول بعير قبل ما يغرد,1
2496,5475,5475,باسيل من بيت الوسط يتم البحث بأفكار عدة لتشكيل الحكومة,2
1746,1056,1056,لو في دولة ما كان حدا فيكون من كل الطبقة السياسية الحاكمة الجربانة كنتو كلكم عّم تتعشوا حلاوة وسكر بالحبس ,0
2852,4643,4643,وئام وهاب بتعطي قطر كم دولار بغير رأيه وئام دولار ,2
3514,819,819,لك وهاب حبيبي في دكتور شاطر اذا بتحب ببعتلك العنوان ، بعالجك والله ، انا بس كرمال ما تبليش تلبوس سوبر مان وتكسر ش… ,2
2234,1259,1259,وبلدك سوريا لا تبغي سوا القتل والاجرام ,0
616,3114,3114,زعران تيار المستهبل يطلقون النار احتفالا بخيبتهم وفسادهم,0
3309,4035,4035,هودي بهائم المردة لشو الرد عليهم  اذا سليمان فرنجية عدن وطلعوا معو الف كلب وجحش وحمار  ويمكن خنازير,0
2938,1320,1320,يلعن هل الشعب شو اهبل,0
531,538,538,على من تقرأ مزاميرك يا داوود؟ وليد جان بولاد أصلو تركماني لا يمكن أن تترجى أو تتمنى عليه فهو مجرم موص… ,0
3808,4085,4085,العوني اذا تمدن متل الجحش اذا تكدن بعمرك شفت عوني بيفهم,0
2909,2307,2307,دعوة الشيخ على القمه عملتلو لجنبلاط هزه براسو وهلق بدو ياخد ثئارو بالحكومه بدو يعقدها حتى ينتقم هيدا اول درس له ,2
2054,684,684,هيدا السيد يلي عم تحكي عنو غبرة صرمايتو بتشرف الأندال يلي مثلكم ,1
3788,4103,4103,هههههاي والله مابومات الا البنات الي دوم دايم وهن هبلات,0
911,765,765,شعوب مرتزقة، أين ما يحل المال تركضون وراءه ولو على حساب شرفكم ,0
1465,5240,5240,سحسوح ع رقبتك انتي ومعلمينك أوباش,1
2840,288,288,شفيك يادكتور ولا غير متابع هذا ذنب ايران المجوسيه المعديه المتخلفه مالقيت تمدح ألا هذا الشخص للتذكير وئ… ,0
4051,1014,1014,هي انت عم تشغل مرتك بدعاره وعم تحطها وديعه لقيس الغزعلي الصور رح نرفقها لقيس مع مرتك يا وئام وهاب الديوث ,0
4158,5022,5022,بن جدو الكلب شو بده يطلع منه,1
592,4712,4712,يا علاء انت حمار ولا بتستحمر,1
3032,852,852,اول واحد لازم يدخل السجن هو انت ايها المفتن ,1
4230,4739,4739,عداوة كار ,2
4017,1999,1999,كل واحد فاتح عحسابو انت ما بيعجبك فلان و هداك ما بيعجبوا فلان بلد كل من مين ايدو الو ,2
300,2857,2857,ما لقيت ولا تعليق بقول انك سوي والي مش سوي عندك هو عند كل العالم سوي يعني انت الأهبل ولا واحد علق بصفك  ,1
308,5106,5106,هدول مستعدين يقتلوا الناس هيك شروي غروي لازم نقتلون كلن,0
966,1557,1557,ماهذة الصفاقه والنتانه ياأنسة,1
3074,631,631,هيدا اسلوبهم بالحوار متل معلمهم معودين عحوار الصرامي ,0
3096,1861,1861,هذا شيخ البلاط الجنبلاطي يسخّر ضميره ويكذب على ديننا ويقوم بالتغطيه على زنديق ناكث لديننا ، كفى قلب… ,1
3721,4618,4618,راجع حساباتك دكتور علي مع هذا المنافق؟ ,2
986,443,443,معالي الوزير خليك بالجاهلية وخازوق الجاهلية وشو بدك بقطر ,0
2730,2944,2944,طيييط عليك وعلى وهاب يعلن اللي عطاكم الشهادة انتو الاتنين اجحش من بعض ,0
3025,4217,4217,دويلة قطر هي راس الأفعى وأم الارهاب وراعية الخراب في الدول العربية والممول الرئيسي لعمليات الارهاب ,0
4633,2953,2953,هل هي فعلا مراكز أبحاث,2
4229,1107,1107,أمير قطر يأتي بأوامر أمريكية لمهمة محددة وهي تحويل المؤتمر منصة ضد سورية والتحريض على رئيسها و منع…,2
4079,216,216,سينهار اكثر وأكثر لطالما نموذج وئام وهام موجود في مجتمعنا ,0
2633,816,816,بتوصف جبران باسيل بغير المؤهل لرئاسة التيار،,2
4094,2884,2884,ولاك انت يمكن سوري او جربوع او حيوان بس كون اكيد انو الحريري بصرماينو داعس عليكم,0
3755,1764,1764,هودي يلي حكيت عنن كلن موجدين بتفكيرك وعقلق انت اول مفتن ومخرب والمأجور بس وضح اكتر للقطري حيناديلك ,1
424,1288,1288,العيش المشترك و صرماية وهاب سوى خلص قسموا و اعتقونا المصيبة فينا معشر الملاحدة و ال…,2
1081,5484,5484,الحمد لله كل من يعرف تاريخه جزمة ابن ستين جزمة حريمي يامرتزق ,1
2890,1758,1758,قلتلك اغطيني اسم الكتاب ومستعد ناقشك للصبح، يا كمل يا كول هوا,1
368,401,401,طالما الدليل عند القاضي ليش ما بقول وبخلصنا لازم نعرف القاتل ,2
4418,5246,5246,جبران باسيل حطرني لك ليش يا حيوان,1
533,4423,4423,أه يا هبيلة عفوا يا عميلة وهابية على يهودية على سفارات,1
4456,1914,1914,ايه كول هوا,1
4523,3521,3521,ال العرصى اللي بشغلهن ,1
2373,1227,1227,عنجد انو عماد عثمان عملك عقده ولازم تروح انتا عند طبيب نفسي حتي تتعالج منها شكلك اهبل ,1
1223,2439,2439,صاير بايخ خليك بالصرماي اهضم,1
3118,2610,2610,دولة رائعة بس نحنا عرصات,1
3624,1452,1452,الحقارة حينما تنطق وزير خارجية لبنان جبران باسيل مثالاً,1
1460,4638,4638,رح تضلك تعووي نبح لتشبع رص تضل تحت صرماية الشيخ سعد الحريري حثالة متلك لازم تندعس لكنك كل ,1
572,3979,3979,خليكن تلحسو جزمة السوري يا بلا شرف,0
3567,5497,5497,وهاب أقترح عرض العماد عثمان على طبيب نفسي ,2
910,724,724,ليس سرا موقف وزير خارجية لبنان باسيل جبران المؤيد للنظام السوري المجرم ولكن العجيب هو موقف بعض العرب المتعاطف,2
948,2569,2569,كول هوا انت يلعن زايدك وسلمانك,0
2249,5523,5523,طز ب فرنسا اوفكورس,0
2085,2758,2758,انتو ما حتبطلو تتكلمو متل النسوان و المطلقات,0
3509,421,421,التلك اخرس خراس,1
1173,1181,1181,ما انت وجريدة الاخبار كلاب تنبح الك عين تحكى يا قاتل الك عين تحكى وفار من العدالة اكيد اهل الجاهلية بقو… ,0
3756,743,743,نحنا مواطنين مش اوباش,2
194,168,168,اخرس يا أيها النجس الخنزير الديوث انت وبشار الكيماوي وحزب الشيطان والمجوس إلى مزبلة التاريخ ,0
3753,4176,4176,حكيك متلك كلو خرا بخرا,1
906,2535,2535,إذا كان حسن نصرالله شكر جبران باسيل حقيقي,2
2073,5121,5121,وئام وهاب تتذمر من زياره الكلب وانت ذيل له ماهنا فرق بينكم كلكم خونه وماضيك لايشرف ,1
330,4129,4129,والسبع تنعام منك و من هيك لقاء نائب مش قادرين توصلو شيخ عقل الطائفة ينتخبه المجلس المذهبي مش انت,2
3444,5538,5538,نشاركك فرحك و ضحكك على طنبر الجاهلية ,1
3922,1349,1349,حلو عنا للمخلوقة ما عم صدق كمية الكره والجهل الموجود بالتعليقات نعم انها رائعة ديما صادق ❤,2
3975,821,821,جبران باسيل أنت متعود على تأدية الأدوار القذرة؛ فلا غرابة,1
2482,4271,4271,انت رمز للفتنة وللتبعية و انت محرض للانشقاق اذا كنت غاوي لعب في السياسة فهذا شئ يعنيك انما اقحام الدين ,2
4256,2848,2848,الحق مش ع بول بريمر الحق ع الحمير اللي سمحه ل بول وغير بول يحتل بلدهم ,0
1830,5748,5748,وجود عثمان وامثاله يمس مصداقية قوى الأمن ويسقط هيبتها ,2
114,3123,3123,الدروز اكبر خونه للامه العربيه وهذا يكفي,0
2920,3288,3288,هههه اخ وئام كون واقعي شوي انت بينك وبين حالك عارف انو وليد بيك بمتل الاغلبية الساحقة الدرزية,2
4083,4108,4108,عندما نقف أمام هامه سياسية فذة متمثلة,2
1367,4900,4900,ياكلب بشار يا جزمة السيد انت الزمن الخرى لجابك كلب ابن كلب,1
2507,3119,3119,تيار الفتنه والكذب والتحريض  تيار المستهبل,0
2931,3306,3306,أنت أردني اوسخ من خائن,0
2946,5713,5713,فيه متل بيقول إلي بيضحكك احسن من إلي بيضحك عليك معاليك ,2
1576,3989,3989,كول هوا طال عمرك,1
1731,2598,2598,ام ركبه سودا خرسي يا كلبه غسب عنك تنبحي في منشني هههههههه,0
553,102,102,يحمار انت والحبتور كنتو مجتمعين في باريس قبل سنه في فندق الريتس ممكن تحكيلي كم دفعلك؟؟ ,1
1991,111,111,خليك بي الجاهليه لانو ما الك الى الجهل تبعك قطر ام العرب وام لبنان وستبقى قطر والخليج اسيادك يا فار من العداله ,0
309,4384,4384,منافق جبران باسيل,1
3442,2672,2672,ﻳﻢ ﻣﺸﻬﺪﻱ ﺍﻟﻮﺣﻴﺪ ﺏ ﺳﻮﺭﻳﺎ ﻳﻠﻲ ﻓﻴﻪ ﻳﻜﻮﻥ ﺭﻭﻣﻨﺴﻲ ﻫﻞ ﺍﻟﺨﺮﻳﻒ ﻫﻮ ﻳﻠﻲ ﻋﻨﺪﻭ ﺧﺰﺍﻥ ﻣﺎﺯﻭﺕ معبى,2
1458,1010,1010,انت حمار يا مارتن ولا بتستحمر؟,1
2872,3940,3940,انتي مين لكشك يا صرماية,1
1168,113,113,ماعندنا بارات للاسف البارات ببلدك وينظمها انتي وامك وبنات بلدك ,0
3570,3244,3244,لو منك حيوانة وكذابة وجبانة بتحطي كلامك يا قواتجية في ابشع من يكون حثالة متلك بلقوات لينشتموا تافهة مقرفة لاعقة احذية او لاعق احذية جبان,1
65,1703,1703,انا مش عربية انا فينيقية لا يا شطورة إنتي حمارة,1
1393,2087,2087,ايه وشو دخل هاد الكلا ببيت الاسد هاد الكلام كله قبل مايحتلوها اسيادك النصيرين ,0
1437,4153,4153,يخربيتك روحي عالمطبخ لو شافك هتبقي مصيبه  ,0
4191,4130,4130,ههههههه داعشي طنط كول هوا ولاك حريمه,0
3723,1153,1153,جبران باسيل يطبّع قُبَل على خدود الدولة الغاصبة,2
2999,97,97,دبي رزقها الله ب محمد بن راشد عمل على تنميتها وإدارتها كأحسن ما تكون التنمية والإدارة زرتها قبل س… ,2
3765,3822,3822,ولك الله انتو شعب بجم روح جبلي مصاري للشعب بعدين احكي ,0
1104,3384,3384,لبنان طاهر بدم الشهدا يا خنزير فشرت انك تحكي علبنان يا خنزير ,1
595,1992,1992,شوهاظ اللي بتكولو يازلمي كول خيراً او كول هوا,1
1527,2902,2902,جبران سبب ثقب الاوزون باسيل     ,2
664,2213,2213,هلق انت شو بس برميل خرا او برميل زبالة او برميل منفوخ هوا من نكزة بتبج    على كل حال تلات براميل منكبهن بالمزبلة ,1
716,4356,4356,ما بينعتب عليك جاهلة وهبلة ,1
1964,1204,1204,مفكر حالو شي قصة هيدا الحشرة,1
4036,4128,4128,جيش ابو شحاطة الاثدي والجيش الروسي القذر وجهان لصرماية واحده اما القاذورات التي تعلق باسفلها فهي حتما تمثل حالش وايران,0
2350,801,801,جبران باسيل بدو يعمل متل كميل شمعون وبشير الجميل,2
1056,5709,5709,يا معاليك انا بدالك بخاف من انو يكون في دولة قوية ,2
2966,781,781,مطموووووزيل انتي ليش مقهورة ؟؟؟؟؟ ,2
1788,5489,5489,السيد الرئيس الكافر بشار الأسد يحتفل بعيد المولد النبوي الشريف القيادة الحكيمة منحبك,0
112,4198,4198,انت لازمك حكيم بيطري ليعرف وجعك ههههه حرام العماد عثمان عاملة عقدة ,1
2219,1196,1196,قبوط وصعلوك وبهلول وهبول ومسطول وعندها واحد زنخ سمج سميك بلبنان,1
4582,3115,3115,كل ما تحكي بشم ريحة ما بتسوى ,2
2313,2629,2629,بس يجي لعندك تبقى ما تستقبله هلق ارتاح و ريحنا من قرفك و شكرا قطر و تميم بقلوبنا غصب عنك انت و يللي بشد  ,1
490,5118,5118,جورج روق قاصي مرتشي كلب مثلك رح نشوف قديش جورج رزق بدو يبقي قاصي فاسد أنت يا شركسي مش مطول ولا عيلتك في الله,0
685,3728,3728,قواتجي ضبضب,2
876,3196,3196,كول هوا كذاب وفاجر وبابوجي أنضف من لحية حسن البنا وايردوغان الماسوني متعهد الشرق الأوسخ الجديد لكن وعد ,0
199,1620,1620,جبران باسيل للمرّة الثانية على التّوالي يقرّ بحق اسرائيل بالوجود والأمان,2
2423,1207,1207,ياخوان والله مو عنصريه بس أكره السوريين والفلسطينين كره ما يعلم فيه إلا الله,0
3390,3612,3612,من راقب الناس مات هما قررررررر ربت يا وءام ,2
3469,4213,4213,معظم القواتجية صهاينة,2
4320,5429,5429,اردوغان عبارة عن ابن انيسة اخونجي,0
519,4165,4165,تؤبريني شو ألبك حنون ما خطفتوه انقذتوه وليه ما ألتلك انو مخك ما بيستوعب روحي عالمطبخ وبلا جعدني,0
1217,203,203,قل كلمتك واصمد وهاب ما بيهاب ,2
5,4481,4481,جبران باسيل ظاهرة صوتية يوم بقول سوريا احتلال و يوم بده يشارك بإعادة اعمارها خطاب طويل عريض بدعم عودة سوريا للجامعة,2
2913,612,612,صار ضروري يطلع قرار يمنع فيه ذكر اسم جبران باسيل من قبل خفاف العقل والذهن المريض لانه يسبب هلوسات…,1
3711,1465,1465,بعيد الشر عن قلب السودان يتمثلوا بأقذر ثورة,2
4341,5392,5392,بيلبقلو يا بس انت واسيادك الاقزام بتحاولوا تكبروا حالكم لما بتنتقدوا امام الأمة وسيدها وحامي كرامتها يا بلا كرامة,2
4483,4935,4935,كل ما تشوفوا قوتجي حمار عم يجرب يلطش التيار بالنسبة لإنتخاب بري فرجوه مرشحهم الحمار شو قال علاقتهم استراتيجية مع بري مع عدم انتخابه,0
3663,1523,1523,كلهم من حزب الشيطان الله لايكثرهم ,0
2300,1489,1489,العمى شو مثقفة في منك عبصل,1
1743,1512,1512,اذا بين كل يللي عم بيصير وينقال وينكتب استنتجتي انو اسلوبي انا اللي بذيء بتكوني وحدة مهبولة مع احترامي ههههه,1
2064,3835,3835,ههههههههه اصلا احمد منزل تغريدة هلأ ما فيا جبران باسيل لأول مرة شكلوا اكل خرا    ,1
2695,3604,3604,لازم نبيد الغوطة كلها لازم نقتل كل سني لازم نقتل كل شخص رافض ظلم بشار الأسد,0
3158,1651,1651,نديم لطيش ماريا معلوف البقرة الضا…,1
2841,930,930,صباح الخير يلعن ترامب,1
1183,252,252,البلد عم ينهار بوجود العهد القوي وليكو عالهبيلة العوني وين راسوا,0
4294,3224,3224,ولاك حيوان بدوي نحن بسوريا اذا حدا بقول ديني علوي او سني مندوس ع راسه نحن دينا سوريا يا كر يابدوي,0
3568,4689,4689,بتقتلوا القتيل وبتمشوا بجنازته يا جماعة الخوات اللبنانية والتاريخ لن يرحمكم معراب خانت لبنان,0
3693,1423,1423,اوبشن فتح طز الشعوب وانتي الصادقة,1
1002,1897,1897,من مقابلة جبران باسيل مع سي إن إن أمن إسرائيل هو حق,2
2838,2319,2319,الله يخزيك يا شيخ,1
4541,1466,1466,بس تطلب من ابناء العاهرة كلاب ايران ينسحبو من سوريا فورا للاجئين راح يرجعو لاتفكرهم مبسوطين…,0
761,185,185,انت حثالة,1
4421,795,795,الاجدب اهوه اسمه جبران باسيل الله يخلف على اللبنانيين ولبنانهم خير    ,1
1068,4790,4790,طيب ما علينا ورح نجي معك دمشق صنع الله على الارض منيح هيك… نحنا بلبنان شو استفدنا وشو استفادت بيروت,2
949,1837,1837,وكأنك تطلب حماية وليد بك يا جاهل حنجيبك ,1
2115,1541,1541,الإخوان د واحس و علمانيين عملاتنا لوجه واحده وهي يهود,0
3865,5046,5046,لا والله يلعنك ويلعن تركيا و روسيا و ايران يا ارقى انواع الطشم و هل بعد العلوي طشم يلعنك محتل,0
2981,531,531,ممكن تفرشي سنانك قبل كل تويت بليز في ريحة خرى قوية,1
2520,1502,1502,في القران بلسان النبي إبراهيم عليه السلام اذ قال  أتعبدون ما تنحتون  ؟ نعمل الزعيم ثم نعبده ,2
597,248,248,ومبعوصة من انه الديمقراطية مترجمة من الـ وبدها الملسمين يقولوا شورى طيب يا قلبي الشورى عند داعش والسعودية احنا بدنا ديمقراطية يا كندرة,1
2027,5269,5269,وزير خارجية لبنان جبران باسيل اذا ارادت اسرائيل حفظ امنها وهذا حقها,2
3966,916,916,انا الموقع ادناه ومن موقعي هذا اصرّح بأنني لست مسؤول عن عدم مشاركة الرؤساء الى القمه لا من قريب ولا من بعيد,2
1822,2273,2273,هي تفاصيل لطيفة بس,2
1569,5560,5560,زنجي حقير يحسب نظام العصابات ينطبق على كل شيء,0
489,3094,3094,وقح واطي بلا أدب عاطل يهودي محنك لئيم ومع هيدا أوسكار احلى منك انت روح خلي ايران وإسرائيل يلعبوا معك وفيك,1
795,5036,5036,ما لفتني إلا موضوع انو لازم تكون لائقة عشان واجهة لبنان  ولك يا طشم عم ينضرب فينا المثل بالزبالة والفساد أيا لائقة لمبي آه يا هبيلي,1
2408,4084,4084,"""غرد الجحش وظن باءنه حصاناً تتكلم مع العوني بموضوعية فيرد كبهيم حقير جربان مثل اصله""",0
1639,2952,2952,لازم يشيلو من هالدولة عم يعطينا هوا نجس كلو جراثيم ,1
2466,4066,4066,بتطلع ستين خنزير يا رافضي يا مجوسي يا عباد القبور لعنة الله عليك وع معلمينك الخميني وخامنئي ونصرالشيطان والسكستاني اتفوووووووو,0
3490,4772,4772,ما ناقشة جاهلاً إلا وغلّبني ,2
2152,4550,4550,السوري علوي كلب هدفه احتلال مكة و المدينة,0
4432,1418,1418,مرجع كبير منو هوي يا   تيس ,1
154,5631,5631,للمفارقة في بلدي على اليسار باسل الصفدي عبقري خوارزميات ومصنف بين أفضل مفكر عالمي وعلى اليمين حافظ بشار الأسد الحاصل على لقب جحش الرياضيات,1
1786,2827,2827,كول هوا ما إلي جلادتك بس لمعلوماتك جبران باسيل داعس بقلبك,1
4573,215,215,أمّا علاقتنا مع جبران باسيل فهناك صداقة بيننا وإ…,2
1503,5306,5306,حيوان مقمل وهابي قذر نجس يلا ولاك على خيمتك,0
2006,5138,5138,هو ماهو بالاساس كلب ارمني لاجيئ,0
571,5728,5728,حتى لو بسوريا  بالنهاية العيل اللبنانيه والسورية ممتزجين نفس العائله واﻻجرام بدمهن بدهن حرق مش دعس,0
1842,5689,5689,جبران باسيل لو كان يريد وطنا لما تطاول على الرئيس بري ووصفه بالبلطجي,2
1307,322,322,انت بوق ايراني مجوسي رخيص سعرك كلفول السوداني,0
668,4272,4272,هذا فعل الريال والدرهم لأنك كلب تفضل الريال والدرهم على سمعت بلدك فتميم هو من حول القمه من قمة وزر ,1
3283,460,460,كرهت او أحببت جبران باسيل عليك أن تعترف بأنه قدها وقدود، بالكلام والأفعال,2
1850,4173,4173,يحرق عرضك روحي عالمطبخ فضحتي لدنيا وانت وهبلك,0
3774,5062,5062,سعودي عالنوم يا طشم بيكفي هبل لليوم ما بدك تخلي شي لبكرا,0
3872,349,349,باسيل لإعادة النازحين ودعم قطري للبنان باسيل يبحث لحل عقدة تشكيل الحكومة,2
1799,4060,4060,مقاس صرمايتي والصرماية يلي ع راسك متطابقتان تماما يا عبد المجوس تضرب انته وكلب الفرس المجوسي نصرالشيطان ابن المتعه,0
2397,2922,2922,تفوووو عليك سوري جربان مالنا ومالكم حريصة تحرقكم انتو واهل فلسطين,0
3991,3173,3173,اوعا تكون القاضي بحياتك ,2
2086,5445,5445,في الداخل وفي الخارج موقفنا واحد لا يتغير لبنان ولبنان وثم لبنان هذا هو جبران باسيل,2
3864,2206,2206,نعيما يا دندن انت ومعلمك ما بتوصلوا لصباط جبران باسيل   ,1
2697,2580,2580,يا قايم الحق ما اكذبك ,2
2215,3869,3869,السيد يقرر وانت كول هوا ونفذ اطع عمرك هبيلي,1
3609,2906,2906,يا كلب سوري جربان بيت حريري اصحاب ايادي بيضاء على مدينه طرابلس مش ايدي ملطخه بالدماء والمجازر وتفجير المساجد يا كلب النظام سوري ,1
407,4803,4803,لكل جلجوق و جحش بيقول انو القوات تاريخا مجازر قتل و الغاء هيدي اسما حرب يا جحاش و لوما كان في قوات لبنانية كنا متل اليزيدية و مسيحية العراق,0
1578,298,298,والبلطجي جبران باسيل المال لمعه حلال ولله حراميا شيخة,1
2445,5766,5766,لبنان شامخ بعروبتو بأخواتو العرب بس الفرس ما جلبو للبنان الى الدمار لعنكم الله ايها الفرس المجوس,0
4484,5792,5792,الشعب اللبناني عندو اهضم زلمي جبران باسيل و لو انو جاي من المريخ بس مهضوم ما هيك يا جماعة,2
1949,565,565,تسلم يا قائد دايما بتحط النقط عالحروق سلطة فاسدة وعاهرة سلبوا ونهبوا البلد ,0
4657,3430,3430,العمى في عيونك ما أجحشك يا كلاش يا شاوي النجس صاحب واجب يا هوا,0
2801,2927,2927,كان الزلمي معتذر رئيس جمهوريتك وصهرو قلقو ربو هني ويتصلو ,2
1417,498,498,صدقيني مش طبيعي   جلطني ,1
4130,269,269,عندما يقال يا شحاذ يظهر لك باسيل جبران,1
3460,1791,1791,و شراميط الاعلام,1
524,3732,3732,العمى شو انكن عبيد,0
27,2177,2177,و انت يا ابو امارات بنفس الزورق معهم ,2
1961,278,278,الروس المفروض ينشهروا بالوقاحة مو بالڤودكا,0
1893,1957,1957,انت واقتراحك وصرماية اللواء عثمان سوا سوا ,1
4116,3568,3568,هاد كان في متلو كتير بحلب بشارع التلل,2
1637,3169,3169,انت عقدة النقص يلي عندك انك فلاح ودون ابن المدبنة لهلاء ملاحقتك حتى لو تعلمت يا فلاح بتضل ضيعجي وبتضل دون,0
3275,1653,1653,بتمنى من اخواننا في الوطن يلي عم يتهموا الوزير جبران باسيل يقرأوا هالتغريدة من صحافي كلنا منعرف توجهه السياسي  ,2
31,221,221,والله الحذاء خساره فيهم ,1
3316,4339,4339,طز بهيك بلد وهيك شعب وهيك حكومة,0
2005,461,461,نرجو ذلك يا معالي النائب ,2
2751,1226,1226,الحرمة بتضل حرمة,0
3487,2293,2293,ولعها ولع ولع وأعطيني شحطة العقاب لوهاب وهاب قاتل ابو دياب ,2
1823,1151,1151,كان هدفها الاسائة للسعودية فقط عبر تلفيق الاكاذيب كعادة هؤلاء الغجر معنا لكن تورطت مع حساب النرويج,0
674,1599,1599,رب يسعد مساك ,2
803,613,613,نتمنى أن لا ينظر علينا أحد بمحاربة الفساد بعد اليوم إذا لم يتم سجن عماد عثمان فالمذكور في جريدة الأخبار يطيح بدولة… ,2
634,425,425,كوووووووول خرااااااا ولاااااك ,1
3421,5720,5720,الرعاع اللي هاجو بسوريا نحنا قرفانين منهم وقلنا عنهم خونة وجلب بوقت اللي كان سعدو وجعجع عاملين مهرجانات ليدعموهم وهربولهم بواخر سلاح,0
3125,972,972,ما حدا غيرك أمير الإرهاب والمجرم السفاح طز بهيك بلد خلف امتالك يا حمار ,0
4433,1560,1560,مش معقول كمية الجهل والغباء والحقد الاعمى بالردود شعب بس بعد ناقصوا الرسن المكاري موجود بس هيك ♂,0
286,5464,5464,ملعون هو وابوه وابو عيلتو وابو اسرائيل على ابو الي بدو يروح ع اسرائيل لعمى اوقح من السوريين المعارضين وانذل واخون انا ماشفت ولاعيني رأت,0
567,2722,2722,اي دموقراطيه عم تحكي عليها انتو النسوان  ماعندكن شي اسمو دموقراطيه عدكن نكد واخواته ,0
3360,2216,2216,والله ربنا ليلعن تعاريص عرضه,1
1916,1405,1405,كول هوا يارعي البقر,1
4453,849,849,لا يزال نِصفُكَ عالِقٌ في الصندوق الأسود فكّر فيا ,2
1254,4431,4431,يلعن ابوكن شبيحة تفو عليكن وعلى الجحش بشار والجحش حسن زميرة,0
25,5084,5084,هو من حزب الحق والعقل يا بهيمه الاخوان,0
2912,1915,1915,مين داعمو ؟؟؟؟ لو سمحت تعطي أسماء يا وءام ,2
2258,3297,3297,جبران باسيل الرجل الذي لا ينام قدن كلن,2
341,5574,5574,اكيد حتى جبران باسيل لا يرضى به,2
1756,4054,4054,لم ترى عيني أعهر من مسيحي لبناني يقف جنباً الى جنب مع حسن نصر الشيطان وجماعته ,0
2279,2767,2767,يا معاليك انت على حق لكن سؤال المليار دولار عا كم شخص توزعت   كل واحد مجرم و ساعد في تدمير سوريه ولي  ,2
405,2498,2498,مت بغيضك ,1
4536,2667,2667,هؤلاء الخبثاء والخنازير أينما حلو يحل بارضهم الخراب     ,0
626,1362,1362,شابك على نت بيتنا و بتحكيلي كول هوا ؟ طيب هياني نازل,1
1430,5601,5601,العمى يعميك شو جحش صحيح انك بلا حياء وما عندك ذرة كرامة يا واطي,1
4655,2541,2541,هههه انت اميد غبي ولا تعرف شيء الاخونجيه منضمه ارهابيه بالمملكه العربيه السعوديه     ,0
745,2018,2018,أسعد الله صباحك أستاذ وئام أنت صاحب المواقف والكلمة الجريئة ونسر الجبل ,2
4024,344,344,التنين نفس الخريه      ,1
2399,4862,4862,ميشال عون عون و صهرو الهبيلة جبران باسيل باسو صرماية تميم كرمال تشتري قطر سندات لبنانية لبنان دولة شحادة رسميا,0
4501,4657,4657,الحريمة بتضل حريمة,0
4557,5698,5698,جبران باسيل يهدد أمن إسرائيل,2
3267,3199,3199,متعود تنشر قذارتك يا فيصل القاسم درزي قذر  ,0
4367,2084,2084,داعم للإرهاب في كل مكان ليس لبنان فقط وحضر لبنان ليس حباً ولكن نكاية في الذين لم يشاركوا ,2
508,3370,3370,بس مين مسيطر على زراعة الحشيش مو كلها بالجنوب,2
3441,104,104,انت صنفتو بخانة الخيانة وهيدا رد على ردك ومش كل الادوية فعالة وان شاء الله الكل بيفتخر بشهادة الحريري,1
454,4963,4963,منيح لالك لانو حضرتك مرفوع عليك دعاوى قدح وذم والقاضي والدولة لهلا ماجابتك حضرتك كنت لح تعمل فتنة بلبنان,2
160,5156,5156,اودع مليار عشان حزب الشيطان بلبنان يمر بمرحله صعبة بعد ما توقف الدعم الايران اثر الحصار عليها,0
2433,2111,2111,معك حق بالنسبة للإنتماء الطائفي في لبنان لكن هذا لا يعني أنه لا يوجد ديمقراط…,2
4284,583,583,مستهبل ومن لف لفيفها بصوت واحد الحق على جبران باسيل   ,1
3194,4760,4760,تركيا أحقر من أن يكون لها مشروع ينفذ ، هو مشروع غربي مسيحي خبيث كخبث دينهم ,0
4624,1386,1386,و الله ما يدرون وين الله قاطهم خونة منافقين,1
2659,1455,1455,الله يسامح الربط الحمار وفلتك ,1
2598,5645,5645,مايقدر يرد ابن درزيه واطي,0
3523,5622,5622,شو بدي قول إذا فيك دم روح فل من لبنان مكانك مش لبنان ياعميل بشار عفوا كلب بشار ,1
1947,3690,3690,انت عن جد قابض حالك جد ومفكر حالك متفهم بالسياسة واحد ماءجور وبتحكي مثل ما معلمينك بقلولك هبيلة,1
4522,310,310,فلوس قطر مهمتها السيطره على الحيوانات والبهايم وفي الاخير يشتغلو في القواده هذه نهاية كل شخص يدخل او يهتم بقطر ,0
2296,353,353,يا استاذ وئام اتحدث معك من السويداء ونحن نقف معك ونشد من ازرك ولكن يبدو ان الشيطان الاكبر يقبع بالمختارة ,1
2381,4219,4219,أقترح ردم اللاجئين بالبحر على طريقة ردم جبل النفايات بصيدا,0
3836,5811,5811,يزلمه موهاديلي طلع على الضيعه لعندك ومجهذ بجيش لعتقالك ,2
526,1033,1033,اكيد كلهم عاهرات وفاسدين ,0
657,4420,4420,استاذ وئام انت رجل كبير ولك تقديرك ما نحب ان نجرحك بكلمة بس سيدي لي سؤال ايش حشرك في دول أخرى ,2
1088,829,829,الرئيس ميشال عون الرئيس العربي الأصيل,2
1592,5474,5474,صدقت وأنت كذوب ,1
1213,2899,2899,الملاحدة بقر ياخي,0
977,5635,5635,الاستاذ وئام وهاب من ارقى الساسة بالشرق الاوسط صريح شجاع مهني شريف وطني تحياتنا من العراق الجريح ,2
288,3833,3833,المهم نحنا فينيقيين مش عرب واللاجئين السوريين ما بيشبهونا,0
3347,4567,4567,والتصدي للقوى الأمنية وشهر السلاح في وجهها وتحدي القضاء وأطلاق النار في الجاهلية بشكل عشوائي لترهيب,2
4519,545,545,يا زلمي انت عندك مشكلة لازم تحلها او انو الانكليزي صعب عليك,2
899,5372,5372,العرب كلهم بدهم حرق وبس,0
658,3317,3317,فيصل القاسم أنت درزي وفتان والآن بدأت الفتنة على الأردن سد بوزك واسكت,0
3967,5732,5732,لقد رفعت معنويات أكثرية الشعب اللبناني وإذا مش كل الشعب ،في ناس من داخلها بتتشكرك ممكن ما بتقدر تقولها,2
3681,5257,5257,مؤمنون بلا حدود طلعت بالآخر ليتها الحدود,2
1281,5708,5708,والله جبتي البهدلة ل الك لانك بتستاهليها انتو ما بيلبقلكن متل الشيخ سعد يحترمكن وما يرد,2
1679,229,229,قديش صرت كاتب سمعت شي مرة البيك تطلع عليك او رد يا مفتن الطايفة يا ابن شعبان؟ الله لا يوفقك كما قالوا… ,0
2490,4252,4252,اخرس ولا حقير لما وقف وليد جنبلاط ضد النظام السوري عام 2005 كنت حضرتك كلب عند بشار الأسد فسد بوزك ولا تتذاكى,1
1588,756,756,يا اخي قلنالك نقول نفوسك على سوريا بتوفر بنزين طالع نازل على الطريق وبتوفر تليفونات وفاكسات الله يباركل… ,2
4129,2639,2639,اذا قالتلك أولاً مش طايقتك   شو إلو لزوم تانيا,2
2535,4762,4762,تفوووو عليك واحد حقير بدك تخرب الأردن متل ما خربت سوريا انتو شعب حقير حقير الملك خط أحمر يا غبي,0
2746,3796,3796,جبران باسيل ❤ ❤ ❤ ❤ ❤ ❤ بس هيك نكاية بقلب لي مش عاجبو  ,2
2961,4139,4139,ممكن تخبرنا مين هني ثلاثة ابطال ,2
2062,5385,5385,والله ماحدا حمار غير الشعب اللبناني الأخ طالعو يخت وعامل فيها مدير,0
234,4693,4693,معراب خانت لبنان معراب الخائنة معراب السفاهة معراب التقلب معراب الدم معراب العمالة معراب الشر معراب الوكر معراب العداء,0
732,2321,2321,اسمع يا هذا اسمه فضيلة الشيخ أسامة شهاب لازم تعرف كيف تحترم الناس حتى الناس تحترمك بكفيك شنهقة ,1
4228,4991,4991,اثار وصف وزير الخارجية والمغتربين في حكومة تصريف الاعمال جبران باسيل زيارة الأمير القطري «بخرق الحصار» حفيظة دول,2
3105,4387,4387,هل تعلم يا عزيزي ان اي شخص يستعمل كلمة فينيقيا للدلالة على لبنان هو حمار معبا ببنطلون,1
1906,5342,5342,وقصر ابن الحرام,1
4213,3595,3595, خراس يا حشرة,1
4351,2507,2507,خروات معراب وبقايا اذار والحاقدين ,0
3233,5775,5775,انت اول منحطة ,1
1712,3887,3887,هاهاها للأسف كان عنا حرب ودول حاكمتنا متل سوريا والسعودية وإسرائيل وغيرن أنا بقول جبران,2
2426,1510,1510,صدقتي ديما لكن للاسف اللبنانيين من اكثر تخلفا وعنصريه,0
2047,5228,5228,اين مهنيتك يا أصلع يا عبد المال شكرا لحقدك المدفون تفه على مارسال غانم,0
1427,4155,4155,فخر يلي يكسرلك راسك على اساس انتي من اصحاب القرار روحي انقبري عالمطبخ ولا نقبري قعدي قدام قناة بداية وتركي السياسة لأهلها,0
1851,1616,1616,مدام جبران باسيل سرق و عمر بالمصاري قصر بمعراب، لك استحي يا عيب الشوم ع شعب البومة,0
2660,5077,5077,صح بشار ابن كلب بس قليل اللي عم يعملوا بالسوريين شعب عرص منافق بلا ضمير بيكون لاجئ بيصير بده يتطاول عللي مستضيفه,0
1099,3106,3106,يا اخي هيدا يهودي شو بفهمو بالفقه وتعاليم الاسلام يلعنو ويلعن سلالته,1
4344,3609,3609,ولك خرااااس العمى بقلبك شو كتتتتير حكي ومبعبع عالفاضي كلك وطخنك معبى هوا العمى بقلبك ما أتقل دمك العقاب لوهاب ,1
354,604,604,مشيخة السرقة وباكاوية النهب والكذب والدجل والعمالة ,0
3497,1549,1549,الله يلعن هيك دولة على هيك زعماء ,0
3358,377,377,جريدة اخبار وصرمايتنا سوا معانيك هيدا كلام من مدرستك مدرسة صرامي هيك تعلمتها منك هيدي الجملة ,1
1357,1419,1419,وهاب ابن الكلاب,1
991,3181,3181,ما تكون مفكر جبران باسيل اله لا يا عمي زلمي متلتنا متلو,2
4620,4124,4124,لك العما بعيون عيونك شو انك حيوان وبهيم وعديم الاحساس العما يا جحش لسه كل ما تنبح وتغرد بتاكل مية بهدلة والف مسبة روح انطم بقى وحط صرماية بحلقك وحاجتك اكل خر يلعنك ويلعن معلمك الحيوان بشار المماتع قال دكتور مناضل قال اتفووووووو ع شرفك وشرفه اذا في عندكم شرف,1
3008,1517,1517,شعوب بتسوا صرامي,0
4586,3549,3549,عقصة غدر هيدا العهر وناموس يطعن بالضهر حك بصبر بس القهر انك ما تعرف كيف هربِت من الشباك,1
2102,4436,4436,تيار العار البرتقالي هو تيار الغدر كما غدرو بالحكيم والقوات وانقلبوا على اتفاق معراب ينقلبون الان على الشيخ سعد الحريري تفوووووو على الشريف فيكم,0
3060,874,874,عدا عن جحاشة الأخ البلوشي ومعلوماته الخاطئة تماما عن الاشوريين والكلدان,1
130,3206,3206,انت درزي يا كلب يا فيصل زباله القاسم هذا موضوع لا علاقة له بك يا واطي يا قذر يا عميل و مشرد و كلب الدروز النباح عليه كول من البياره اللي انت فيها و قفل نيعك يا كلب,0
3805,1584,1584,وحمرنتك,1
1864,103,103,فهمتوا يا حقودين يا جماعة الحركة,0
1627,2517,2517,نعم قطر مجرمه ولكن المجرم الأكبر عندكم والمدعو حسن نصر الشيطان ومعه ملالي إيران والعثماني اردوغان اتحدو  ,0
4476,10,10,لو الدولة تحترم نفسها كان انت يالبلطجي في السجن ,1
351,3135,3135,أنا واحد من البشر بكره الفلاحين,0
2871,4181,4181,روحي انقبري انشغلي بشي عمستوى تفكيرك الخرا وتركينا من تنظيراتك وفلسفتك لا تدخلي فينا ويلا عالمطبخ,0
2308,4237,4237,يا عيني ملا جريدة الاخبار ,2
1894,5629,5629,ولا ساقط اكبر من حجمو ,1
1937,5105,5105,جبران باسيل لا يمثلني يمثل نفسه والعيلة وحزب اللَّات الارهابي,0
4326,3453,3453,يلعنك منافق,1
2596,2459,2459,وهاب لقاء خلدة ليس موجها ضد أحد ,2
336,1700,1700,من يستحقها ، الاقوى في بيئته اعتقد واجزم أن جبران باسيل سيكون الاقوى من ناحية التمثيل النيابي,2
93,2885,2885,مين هالحشرة ليرسل وفد هههههههه بجد مجانين انه بأخبار العاشرة بكاراكاس هذا و قد زار وفد م  ,1
2860,4113,4113,واحد غجري نوري قرباطي,0
4194,5816,5816,مع إنطلاق هذا الأسبوع ستولد الحكومة وكل المصادر تؤكد ذلك معالي الوزير جبران باسيل سيعود اليوم من فرنسا وسيلتحق به الرئيس,2
870,4756,4756,هيدا بغل الجاهلية وئام وهاب فتنة مزروعة بالجبل الله يقبرو منعرف عنو ما بيعرف حمار ما بيعرف يقرا ,1
881,4538,4538,ما حدا شايفاك بس حسن نصرالله يقول خراس بتخرس,1
753,3651,3651,لحكي موجه لجحاش اربعطعش الشهر وكل شي عدا ذلك وخاصة أهل المقاومة عراسي من فوق ,0
2,2318,2318,عثمان من أنصاف الرجال ,1
1143,4841,4841,ليك يا زمك عروف حالك شو عم تحكي مين انت اساسا لو انك زلمي كنت بتحط اسمك مش اسم مستعار يا لبناني يا هبيل انت فا فرقنا بريحة طيبة احسنلك يا حثالة المجتمع,0
763,4885,4885,مستواكم معروف اوطى من الصرامي لانكم  بلا شرف وادبكم الشتيمة,1
4140,27,27,ما الغريب الا الشيطان معقول بتستخفوا بعقول مناصرينكن بانه شيخ عقل حطوا عقل الرحمن براسكن وما الكن ال… ,2
3193,5763,5763,اذا جبران باسيل خائن,1
2318,436,436,قطيش هو كلب الحراسة الذي وظيفته أن ينبح حماية لأسياده وأولياء نعمته الذين يكرمونه بالعظمة آخر النهار,1
3464,2442,2442,معقول وهاب و ارسلان عم يشربو من الليطاني لتفكيرن هيك خرا ,0
2044,1427,1427,منور استاذ وئام ,2
724,3483,3483,شاحت الوجييه الله يخزيه وين ماكان هو وعزمي فشاره والعصملي حريم السلطان ,1
806,1779,1779,سمعت بك صباب القهوه عند وليد بيك وماصدقت لكن لان بدون شك صادق ,2
1089,1335,1335,يا ريت هالغشيم بس يشوف الكومنتس العمى ما اسطلو ,1
443,2233,2233,اذا بري راس الافعى الطائفية شو خليت لأسود القلب ولجبران باسيل طالعين نازلين المسحيين كذ…,0
4112,1390,1390,دخلك مش اسيادك يلي قتلو الشهيد وسام الحسن؟ دخلك مشكنتو تسبو في طالع نازل؟ خراس يا منافق دم زلمتك برقبتكن ,1
4195,2920,2920,سوري  وعم تطاول ع اسيادك ولك انتو ما بتستحو  ولا يا كلب يا صرصور هربتو من بلدكن اقل من نسوان  وراحوا رجالنا اللبنانيي نضفوا وراكن يا جربان ,0
4393,2719,2719,المفروض بس وزير الداخلية الحيوان زيهوفر منه وعليه بيرحل السوريين الحجة يلي أخدوها لما صاروا يقولوا الناس لازم تروح عالسفارة كانت إنه الناس أصلاً كانت تروح بإرادتها على السفارة وحتى في تيوس نازلين سوريا بوثيقة السفر,1
4244,4337,4337,كلمة تشبيح ماركة مسجلة لمؤيدي طرطور فارس بسوريا وطراطيره بمتصرفية لبنان بدولة فارس ,1
1852,312,312,كم تعداد الجيش الاردني؟,2
110,2789,2789,سؤال لشيخك وشخ خلدة الغريب ايران بلد عربي ام اميركي ؟   اذا عرف الجواب منعينه     ,2
3552,2710,2710,دام إن الخارجيه لحزب القوات اللبناني سمير جعجع مو أولى وأفضل بمية مره من جبران باسيل,2
3429,4792,4792,مصادر حزب الله ل القوات لو سمحتو سدو نيعكن العمه شو جحاش,0
3571,3765,3765,يا حقير روح انضب وصواريخك ادحشن سلاحكم هو لمحاربة السنة وغيرهم في المنطقة وانتو صرتو مرتزقة غب الطلب,1
4617,2058,2058,واللله الخراب من ملككم السادس الي خلى بنات المغرب متعة للقطريين وغيرهم ,0
1956,180,180,صباح الكسمك يا ميونخ يا مدينة خرى بنت وسخة,0
1754,3431,3431,من كل عقلك بعد في حدا او مرجع كبير بهالبلد؟ من ورا عمايلكم البلد كله بمن فيه صار صغير صغير صغير الله ينتقم منكم ,2
1886,2694,2694,كل العرب جرب ,0
3478,2260,2260,السيد طلب نحب بعض لك يقبرني جبران باسيل انا ❤❤,2
1010,1025,1025,ما هذه السذاجة معاليك؟؟؟ ,2
917,3132,3132,صادق ,2
4275,3566,3566,يلعن هل صباح ما اقرفك  ,1
845,4022,4022,يعني انت جبران باسيل,2
1076,1448,1448,لأنه كلاب عالم متل طارق خوري وغيره,1
1479,3942,3942,لعنك الله يا موريتاني ياقذر اصلا انت بلا شرف وماتربيت زي الناس يا جزمة الرجال ميت رحمه الله,0
1769,594,594,لكل دوله رجالها الا وئام وهاب فهو للامارات وايران معا ,2
3445,2068,2068,مش محبةً بقطر او بالعهد بس عنجد وحياتك ما حدا قاريك ارفتنا يا زلمي و عم تحكي كأنك بريئ و انت متلك متلون… ,1
202,2144,2144,حبيب البغل روح انقبر كول و نام,1
1210,4448,4448,ليه في دولة أصلا غير على الفقير والضعيف  وكانت نتيجته احمد الله يرحمه ,2
2079,2251,2251,انت اول واخر عاهر وبوق ارهابي للمجرم بشار ورئيس عصابة ولي الفقيه انت احقر انسان واتفه بشر خرااا علي ابو… ,1
1243,5294,5294,فشرت ولاك حيوان وهابي كلب ساعتك قريبة يالقيط,0
1093,3279,3279,يخسون إذا ما مرغوا خشوم تشلاب روسيا بالوحل يا قالي,1
4478,1463,1463,لو مانك جبان بلا منقودية يعني كنت كتبت هالتعليق من الاول,1
2894,3145,3145,شووو بتئول يامعرص هذا حساب حماراتي ريحت وزار وصخ يابو ريكي   ,1
1423,3731,3731,بس ولي انضبي بقا عمرك شفتي قواتجي بيفهم,0
2645,3133,3133,ناهب الدولة مش خائن,2
4242,5492,5492,اسرائيل ترد على جبران باسيل حديثه لل سي ان ان عن حق اسرائيل هو كلام من باب تمسيح الجوخ وتبيض الطناجر ليصل الى رئاسة الجمهورية,2
3958,2338,2338,ومحلي هلق من الاعراب اني بكره جبران باسيل متل ما مل هل الطوايف بتكرهو وبرجع بقلك بحكي واقع الناس يلي انتو نهبتو وقمعتوا ,2
2251,1629,1629,رجعت من الإمارات معاليك ولا بعدك هونيك؟ ,2
3695,3083,3083,سدو يا خروف قوى نبضك هلق العقاب لوهاب وهاب قاتل ابو دياب ,1
3319,4209,4209,أعلنت جامعة اوكسفورد البريطانية عن منح الوزير جبران باسيل دكتوراه فخرية في العلوم الإقتصادية,2
4268,778,778,بفهمك يمكن صعبة عليك تشوف إنسان ناجح و نظيف متل جبران باسيل,2
2764,397,397,الجيش الاسود لا تعليق بس هيك ,2
3617,3138,3138,واحد مكيف إنه النهيق تبعه أموي شو بده يطلع منه,0
2407,5283,5283,روح ولاك تعلم تاريخ وادب بعدين تعال ناقش يا طائفي يا وهابي,0
3402,407,407,طيب ياخي تلحس انت ويلي لاحقك علم لا ينفع متل الخرى بس شغل صف كلام بلا اي طعمة,1
4516,1804,1804,اذا عاجبينك شفافي تعا خدلك كم بزقة منن بلكي بتزورك البركة حزومي    ,1
855,5838,5838,سعد الحريري ينصر جبران باسيل ضد وزيره المرعبي في موضوع النازحين السوريين,2
984,5186,5186,شو خص جبران باسيل ما فهمنا  ,2
748,1400,1400,مكتوب على الشعب السعودي الجحشنة ومصرّين تضلو حمير يعني,0
3754,4190,4190,كول هوا يا ابن الكلب,1
703,4923,4923,احلا زلمة والله ,2
491,247,247,معالي لبناني وطني مش سعودي ليسافر ,2
1359,5623,5623,وانت صغير يا فتنجي ,1
430,1042,1042,اتمنى من الدوله بعد ان صف الجرذ جبران باسيل اللبناني وزير خارجية لبنان بصف دويلة قطر ووصف المقاطعه بالحصاار ان يتم ترحيل اللبن…,0
34,2609,2609,ما بستغرب انو الصهيوني يدخل بمقتل الشهيد محمد حتى يخفي ايدو بالموضوع ,2
2124,5577,5577,ليك يا خريو حبيبي والله ما تزعل مني بس قسم بالله سعد الحريري ما شايفك بس شايف ع طرزك كتير يلله غالوبس ينعن شكلك ,1
4015,5443,5443,انت كول هوا نحن حرين إنتوا أعداء الله والإنسانية على الأرض,1
1175,1654,1654,سقوط تفاهم معراب بذكرني بسقوط الاتفاق قبل حرب الالغاء شخص مريض ما بيشبع حروب عبثية حتى لو طلعتو رئيس,2
2726,1790,1790,يا معالي الوزير أتمنى أن يحاكم الظالم وإعطاء الحق للمظلوم ولكن تبقى أمنية، لأن ما تبقى لنا في هذا الوطن… ,2
1757,139,139,ستموت بحسرة الخواجه ولن يعطيك شرف التحدث معه وابتزازه ايها الازعر السفيه ضبضب ,1
2639,4624,4624,هيدا حمار لا يقرأ سياسه هذا ينفذ انه بوق و صرماية بشار ,1
2619,4284,4284,طز بهيك إعلام فاشل و فارط,1
3654,340,340,هيك بتزعل عمك السيء نصر الله وعمتكن كلكن شريفة إيران أنت وتميم وأبو صواويخ تحت سيادة إيران وكلكم أل… ,0
4509,244,244,ههههههههههه يا هبيلة مين جاب سيرة تميم وقطر غيركانت بتقول إنو أمير الإرهاب طميم ,0
4443,1380,1380,شاطر بالتقليد بس صبت الهدف وليد بيك منك نستفيد   ,2
2377,2755,2755,انتي وكعب صرمايتي القديمه اطهر من نيعك,1
600,447,447,العوني ما الو رب,0
1032,452,452,عندكم زباله يا رجل اكثر من عدد سكان بيروت ، ولك انتي مبين من شكلك انك زباله نايت كلوب لانك انيق وقذر في نفس الوقت,0
2333,4665,4665,انت ابو التنظير وامه طرطور بمتصرفية لبنان بدولة فارس ,1
2902,5624,5624,كول هوا انت واياه,1
3798,4270,4270,أمة عربية و احدة,2
310,2031,2031,وانا معكم انه هذا الميثاق والنظام الخالي اللي خلا جبران باسيل يوقف توظيف…,2
3531,1352,1352,في نوع هبل بيطلّع الواحد من تيابو,2
645,3565,3565,قصدك البغل جبران باسيل؟؟؟,1
1510,1230,1230,في مثل هذا اليوم وُلِد بغل الوطن منحبك القيادة الحكيمة,1
2736,5518,5518,بدك تعميل رايتينغ للحلقة؟ هاجم جبران باسيل أو إذكر إسمه مياومو الاعلام,2
799,4467,4467,قتلت كمال جنبلاط ونام ابنه وليد في احضان قاتله كما فعل الحريري وغيره وغيره والشعب الذي قتل,2
2141,25,25,الامير طلال حبيب قلبنا وبيمون عأكتر من هيك ,2
733,5087,5087,جوليت چوليت يا بني ادم برأس بهيمة,1
4048,3423,3423,وانت ياحمار لازم كمان تعرف انت ومعلمك الهبيلة انو صرمايت لصغير بي بيت الحريري ابتسوى رقبتكون افهمت ولا برجع بعيد سدو لنيعك ياحقير ,1
1375,3829,3829,مين انت يعني حتى عم تهدد انقبر احترم حالك يا نكرة,1
3219,1404,1404,أداء مهين لوزير الخارجية جبران باسيل,2
849,2977,2977,بس لو بتصلح ضابط سوي ل ضابط سوري يا طنبر الجاهلية يعق ,1
2960,1783,1783,لكل يلي عم بزايدوا على جبران باسيل سنة التزم لبنان بمبادرة السلام العربية التي انطلقت من قمة بيروت ويلي قامت على مبدأ…,2
3099,640,640,سمعوا لهل الشوفة لا والله شوفوا لهل السمعة عاهرة تحاضر بالشرف ,1
12,2618,2618,اضرب والريح تصيح جنبلاط عثمان سعدو جعجع كلهم وصرمايتك سوا ,0
3650,3016,3016,هيدول النازحين شو طينتهن يرجعوا ع بلدهن ولك يرحموا انفسهن ويرحمونا العمى بقلوبهن شي بيجنن,0
1934,5368,5368,جبران باسيل حليف حزب الزباله حلفاء شياطين ايران لبنان المزبله ومصدر المخدرات ومصدر الاٍرهاب,0
3945,1026,1026,فيك تشرحلنا يا سندباد شو قدم الشخسعد للبلد من وقت ما هل هلالو عالساحة السياسية غير إنو كان… ,2
446,4293,4293,كلام شعبوي ينم عن جهل بكيفية عمل شركات الخلوي ما في شركات أخذت أي خدمات من الشركات ,2
1011,2407,2407,ابن كلب كان يردح على الحريات وقت الإخوان بس لما العسكر يقمعوا الحريات عادي,1
543,1032,1032,بعد مقابلة الوزير جبران باسيل على تي في,2
23,2181,2181,خيّ نحنا ما منستاهلك و مش مقدرينك محلك مش بالجاهلية محلك بسوريا ,2
4496,2050,2050,خوش اميديد ,2
3154,4691,4691,هل نديم دندول قطيش اعلامي لبناني كل منشوراته وحلقاته تطبيل لبني سعود لذلك كول هوا,1
225,2034,2034,وصار تكتب شعر يا هتيلة ,1
3426,3355,3355,علوي وصخ,0
838,4909,4909,عثمان فاسد ويحميه زعيم فاسد آن الاوان لمحاسبة الفاسدين ,2
2337,5185,5185,اكبر متخلف عرفتو الدولة اللبنانية انت هيك عم تحرق دين العيش المشترك يا عنصري ولك اني كنت ايد الرئيس,1
3533,5314,5314,واحد من زغرتا بيسوى عشرين واحد قوتجي,0
2243,4151,4151,لا يابقرة هاتريك هذا يقولونه للأعب اللي يسجل ثلاث اهداف روحي عالمطبخ بسرعة قبل لا احد يشوفك,0
448,5347,5347,معك خبر انوا اصغر قطري صباطو بيسوى راس يلي خلفك يا صعلوك روح اندحش بي طيز بشار النعجة تاعك ,1
3819,2578,2578,هول ناسيهن منيح ذكرتو فيهن   ,2
4086,2740,2740,كول خرا انت وممانعتك,1
2772,2331,2331,بلا ما نفوت نقرالك كول هوا عصحة السلامة,1
3003,1537,1537,المحجبة ليست أمية ولا جاهلة صورة عنصرية مقززة لا تمت إلى الروعة بصلة,2
1607,4053,4053,تماماً ولما يشاركوا نفس القناعات بالاخر بيكون الواحد عم يثبت صحة آراءه وبالتالي عم ي حاله,2
1037,1158,1158,اخونجي متصهين,1
4179,955,955,ﺍﻟﺘﻘﻰ ﺍﻟﻮﺯﻳﺮ ﺟﺒﺮﺍﻥ ﺑﺎﺳﻴﻞ ﻓﻲ ﺩﺍﻓﻮﺱ ﺍﻟﻤﺒﻌﻮﺙ ﺍﻟﺨﺎﺹ ﻟﻸﻣﻢ ﺍﻟﻤﺘﺤﺪﺓ ﻓﻲ ﺳﻮﺭﻳﺎ,2
3391,435,435,قولارجي طلع اخو الدياني ,2
875,1902,1902,كب السم على اصوله من سلام الزعتري عالوزير جبران باسيل حول مقابلته مع ال منا وجر,2
1960,5284,5284,روح بعيد ولاك سعودي وهابي كلب يا اهل الاجرام والنجاسة يا يهود خيبر,0
317,4094,4094,هوا عليك و ع بلدك و ع عبودة كمان  ليش اسمكن بلد انتو اصغر قرية بسوريا اكبر من بلدك كلها يا قرباط الشرق الاوسط  لعن الله من جمعكم حثالة حقكم صرماية تنضربو فيها,0
680,4319,4319,هنن هالبهايم اكتر مخلوقات بيستعملوا التكنولوجيا مشان يقنعوا حالهن انهن بشر,1
4119,5809,5809,خراس ولا جاهل حشرة,1
1597,859,859,المشكلة انو دكتاتور حقو فرنك عديم الرؤية و الفهم وعاملي فيها خامس الخلفاء و مو شاطر غير بالهوبرة و الزعبرة و اللعي و رح يجيب اجل تركيا عاجلاً غير آجل و مع ذلك الشبيبة مغرمين فيه؛المصيبة انو الحج اردوغان هو نموذج ثلاثي الأبعاد للمقولة ا,1
3188,2813,2813,كتبت تويت من يومين  توقّعت فيها اتّهام جبران باسيل بسرقة السندات القطرية حطيتها بال قلت مش معقول نوصل لهالدرجة ,2
1378,1499,1499,ديما الرائعة والمتألقة ,2
418,530,530,نسيت انو التيار اسمو التوحيد حتى بالهبل بيتوحدوا اي والحمرنة كمان   ,0
2648,554,554,ما حترمك النوم الا اللواء عثمان والبوط العسكري تاعوا رح يحطوا بي تمك خليك عم تعووي قرب وقت البوط يدوس راسك ,1
2548,4056,4056,مصر طيز الدنيا,0
3651,4394,4394,اذا جرابيع الضاحيه هنن اشرف الناس طز بهيك ناس وطز بشرفهم,0
2380,4630,4630,لا تشتري الجنبلاطي الا والعصا معه انهم لانجاس مناكيد,0
4127,4836,4836,معك حق والله ,2
1070,4087,4087,خدلك نصيحة خدلك نصيحة عنا الحلبية كلون شبيحة,0
2763,1143,1143,بيت الدعارة مطرح منك ساكنة ، الجامع ألوا أحترام,1
1241,5434,5434,استغرب من كلب من كلاب عرب الشمال المهاجرين من قمع اوطانهم يجي يحاضر علينا كالعاهره تحاضر عن الشرف ياعزيزي ليس كل الحكام مثل بشار الحمار,0
1789,1578,1578,يا باريس ، احفظي ما عليكي,2
1216,3148,3148,جبران باسيل وعمه جنرال اسرائيل سابقاً العماد ميشال عون يمثلون سياسة الزباله التي قدمها سيدهم نصراللات لهم على طبقاً من الخياسة,0
1749,2860,2860,شكلك متل شكل ابليس روح طم حالك بشي كبيني العقاب لوهاب وهاب قاتل ابو دياب ,0
3955,2009,2009,طبعا زبالة لمتلك ومتل جبران باسيل,1
2033,1424,1424,هلق انت مين داس ع دنبك,1
94,1215,1215,انت قد عماد عثمان ياصوص ,1
2512,2882,2882,بخصوص موقف جبران باسيل بالنسبة من العداء مع اسرائيل انه ليس خلاف ايديولوجي اين بيانكم من البحث الذي توعدتم به؟,2
858,4180,4180,كلنا معك يا بطل هيدي هيي الرجوله بيضل عموقف واحد مش بيبروم ليحمي حالو ومصالحو اتعلمو من وئام وهاب الشرف ,2
2134,3826,3826,بعدان مينك انت يا نكرة بدون اسم وصورة لما يصير عندك اسم منبقى منحكي روح انقبر,1
2641,3107,3107,نحن نعمل ضد جبران باسيل لانه العدو الاكبر للمسيحيين في لبنان,2
2688,3386,3386,مصطفى حمدان كول هوا طوني خليفة,1
759,354,354,ئوبة كلاب خربوها وقعدوا على تلتها,0
419,1183,1183,شعب فاسد وانتم افسد ,0
2191,4377,4377,طز بهيك وطن وطز باللي بده يرجعله,0
671,4890,4890,يجي يوم وسننتقم من كل كلب لبناني تسبب بأذى للشعب السوري  وسيدفعون الثمن غالي,0
3652,2010,2010,بيلبقلنا رياضة وصرماية اجلكُن,2
1226,3245,3245,مش عيب تكوني حمارة خاصة اذا ميولك قواتجية بس تكوني حمارة و مدعية! يا رب ارحم و اشفي هالطفلة البلوي على اهلها و المجتمع   إلى الرب نصلي,0
675,4549,4549,"عيب يا كلبة لما تجيبي سيرة مصر وتقولي عليها شعب فقير ومشرد يا لبنانيين يا انجاس, فعلا ده انتو شعب كلاب",0
42,4857,4857,خروات معراب وبقايا اذار والحاقدين,0
2561,1236,1236,يازلمه انتو اكبر مخربين انت ونظام الاسد في الفان وسته قلتم شكرا قطر ما عندكم وفاء لا حده ,1
2315,3268,3268,أول حلقة من دون جملة جبران باسيل,2
1487,4850,4850,عاهرات االله يخلصنا منهن يا رب ,1
725,1765,1765,كلكم من فصيلة الكلاب الخونة المرتزقة لا استثني منكم احد لبنان بحاجة لانتفاضة اذا أراد الخلاص من فسادكم وعهركم ,0
2760,5208,5208,كن عزيزاً وإياك أن تنحني مهما كان الأمر ضرورياً فربما لا تأتيك الفرصة كي ترفع رأسك مرة أخرى عمر المختار ,2
730,3349,3349,فيصل الجحش انت درزي كلب وبدك تحكي بالدين الإسلامي لك فشرت يا فيصل الجحش أن تتكلم بأسم الدين الإسلامي,0
691,3761,3761,برغوت قواتجي,0
880,5619,5619,يا حبيبي سعد الحريري باع دم بيو كرمال يعمر سوريا تفه شو واطي رح تروحو تحت الدعس طول بالك انت بدك تحكي رأيس وليد بيك جنبلاط يا وطي,0
305,654,654,لو الكل بيرشق هالسياسيين العرب بالسرامي بكون شي كتير منيح على الاقل بيعرفوا قيمتهم عند الشعوب ,0
3349,1511,1511,عما بقلبك شو سميكة بتحكي ثلاث لغات بالجملة مفكرة حالك كلاس ولا اسخف واجلأ من هيك,1
2796,2605,2605,أنا ما عم بحكي بحقها عم بحكي عن يلي عم بهاجموا جبران باسيل مبارح وبال ,2
3670,1766,1766,مياومو الإعلام اللي شالوا كل مشاكل البلد تيركزوا على جبران باسيل,2
2060,4886,4886,نصاااب كلب لبناني عميل لحزب الشيطان,0
3019,3089,3089,اخت الزمان يللي خلا كلاب المزابل يطلع صوتها لكل الجرادين العونية الالاهية برد و بقللن انو سامي الجميل عندو عنفوان    ,0
4625,5527,5527,هذا يدور قطري مايدري ان امير قطر سلم قطر للتركي الفاسق يعني خليك مشرد ,0
2316,5757,5757,واولهم معلمك جبران باسيل بيو كان يبيع ليموناضة كحيان من وين جاب ثروته عون كان قائد جيش من جاب ثروته بس يرجعو أموال الشعب,2
2525,4032,4032,انت كول خرا يا خرا بس بدك تجيب اسم سليمان بيك بتبخر تمك يا بغل,1
3041,2361,2361,كول هوا وتابع بصمت,1
3815,3273,3273,لا تعلق على الشعب الخرى بطريقة الشعب الخرى,0
126,177,177,مستحيل يكون في اوسخ وانجس منك بالكون يا ديوث ,1
2615,5349,5349,هاد ما بدو خزرة زرقا بدو نعل الجحش,1
2537,5435,5435,جبران باسيل قبل وبعد  ,2
2974,5705,5705,تخيل قديش لبنان زبالة اذا وش السحارة تبعه جيسيكا عازار,0
628,4482,4482,دمشق الماضي ليست دمشق الحاضر يا فهيم ويا ريتك تنقلع وتنقبر تروح لعند الجربوع تبعك يا تابع يا قرقور ,1
3354,369,369,ولنا أيضاً مهارة تجميل الواقع الزبالة، مثلاً صور شوارع دمشق معالجة بالألوان والفلاتر والإضائة بشكل مبالغ فيه، لدرجة لا تحاكي…,2
4591,3569,3569,محاسبة لمشنوق  لعماد عثمان عصفور كفل زرزور والتنين طيارين,2
151,199,199,جبران باسيل لم يقدم هو يأخذ فقط بتحط نفسك بمواقف بايخة  ,2
1907,2304,2304,انت خراس,1
2745,3456,3456,مياوم شخص بيشتغل كل يوم ضد جبران باسيل,2
2755,2367,2367,طيب وهاي عملتي تجميل لوجك وصرتي وحدة جديدة وصاروا ولادك يبكوا بدن إمن شو بتعملي,2
3352,3734,3734,يا فرحة ما تمت,2
2910,2913,2913,لا تحزني يا ميرا هذا زمن الصعاليك ,2
4091,5350,5350,لهلهله يا كلب الأمريكان عم تشتم الاستاذ بسام,1
4133,3081,3081,انتو العونية ضيعان الحكي  معكون  ارطيط كلاب  كيف الله بلى لبنان فيكون,0
347,4872,4872,سورية سنية وستبقى سنية وحسبي الله ونعم الوكيل بالعرب الخونة الذين باعوا الشعب السوري بالرخيص فليفرح ابن زايد وكل كلب عربي دعم بشار الجحش,0
3428,2279,2279,ما حدا باعصك الا اللواء   ,1
4596,60,60,لا كل الثواار كلاب متل النظام هيك جملة سهل قولها وما بتوجع الراس وبتريحك من كتير وجع راس وتفكير الكل كلاب ليش اهتم او ادعم طرف؟,0
512,5113,5113,حذف تغريدته لانه كلب من كلاب الترك شركسي الاصل او يوناني,0
2980,3935,3935,والله يا أخي الكريم أغلب القطريين بلا ذمه ولا أخلاق ولا شرف للأسف,0
4659,236,236,يلّي بدّو يجيب سيرة الوزير جبران باسيل بالعاطل بدّو يسمع كلام أوسخ من أعمال حركة أمل,0
1185,5388,5388,كول هوا صارو  ,1
3545,2825,2825,كذِّب وسلينا ما انت يا بتكذب يا بتْبَعِّق ,1
1596,2554,2554,ذميم جاء مرغما بناء على طلب اسيادة في طهران والضاحية كلب مرسله كلب ومستقبله كلب ,1
242,3433,3433,بدنا نضل ونغير لبقر لمتلك يا خروف خروف ,1
3427,5045,5045,ليك يا اهبل احكي ععدد الشعر يللي براسك يا اقرع النحس عاملكم عقدة اللواء يا طشم,0
1214,5271,5271,"""روح انتحر كب حالك بالبحر اطهر ارض و انجس قوم""",0
3054,1422,1422,كول هوا شقفة عميل و كلب وواطي وحقك فرنكين بسوق الغلا نسيت لما كنت تنام بالقرداحة ناطر بالدور ل…,1
4531,38,38,قليل بحقه الحذاء ,1
331,5397,5397,جبران باسيل هو نفسه لا يتغير في الداخل يعزز الشراكة اللبنانية وفي الخارج يعزز التفاهمات العربية انه مهندس السياسات,2
226,346,346,روح انقبر ضب حالك ,1
611,2346,2346,القزم جبران باسيل طلع له فانز يدافعون عنه,0
609,787,787,شو ضعيف وشو مقهور ومش قادر تعمل شيطز فيكم كلكن كلكن بتصبوا بخانة الكذب والنفاق بتدعسوا عا الناس لمصالحهم وفسادكم ,1
1590,3316,3316,لك النظام السوري انتصر وتاج راسك يا درزي يا خاين سد نيعك عمى اللي يعميك,0
805,4916,4916,هيدا فايك اكونت ما عندو فلورز بس لازمو بهدلي ليك يا حيوان يا ابن الكلب صباط ونعل صباط بيت الحريري براسك يا كلب نبح عامل اكونت مزيف لانك منك رجال ولك تفه عليك يا واطي وهلق فيني قول ارتحت نفسيا,1
1530,1211,1211,وضع جبران باسيل بالواجهة السياسية في القمة العربية أفقد لبنان زوار ومشاركين من رؤساء الى مخاتير,2
1763,2366,2366,كول خرا يا خرا ابن خرا انتا وابو المنشار دب الداشر محدا غيركن دمر وطن العربي الااسلامي يا منافقين ,1
2310,1589,1589,يا مشحرة شو منوب انتي كيف بتضهري لبرا ولك فوتي عن البرندا احسن ما يراشقوكي تعون السترات الصفر بالبيض,1
1522,511,511,تركية قاهرتكم الله يحمي الرئيس اردوغان   ,2
3691,3027,3027,يا عفيف يا شريف يا طاهر لازم ينعملك مكان لنصير ناخد بركاتك واخلاصك يا حرامي المدينة وقاتل محمد ,2
4585,4197,4197,اشم ريحت زباله يمكن سني حقير هنا,0
2210,3210,3210,والله أنت شخص أناني لا يمث بصلة لأبناء لبنان الكرماء كم أعطوك أل سعود لتغرذ بهذه التغريذة ,2
2967,2651,2651,ويا بهيم ليه ما بتسد بوزك,1
2477,58,58,كثروا المنافقين اصحاب المصالح   هاذا اكبر كلب لأيران في لبنان ، تابع هالفديوا وتعرف هالمرتزق … ,1
3631,4088,4088,اذا معلمهم هبيلة بعمرك شفت عوني بيفهم,0
2743,3793,3793,الزعامة والتجربة بدن يكونوا اصحابها رجال مش صيصان خسئت يا جبران باسيل,1
133,101,101,ما هوي لو بياكل سرماية بعيد عنا بقول يعدمني يا فكروا اذا بصرخوا صوتهن بيوصل   ,1
271,4464,4464,هيدا سياسي انتهازي عفن ورخيص لو عنا دولة قوية كان هلق بالسجن ,1
4167,3714,3714,الخراب عندك ومنك يا بوم الخراب ,1
4330,3093,3093,يجب تطهير المجتمع المسيحي من الجرثومة العونيه انهم كلاب الوطن,0
1009,2450,2450,كل زق يا باطني ,0
4030,5026,5026,خليك منتظر ليرجع جبران باسيل الله يرحم ايامك يا ميشيل عون,2
3692,5356,5356,ياخي الولاد الصغار من عمر تلات سنين بدهم حرق خاصة لما يطلعوا معك بباص بقرفوا,0
2031,5038,5038,تضرب منك لحزب اللات عمللء ياطشم,0
3170,2974,2974,أعوذ بالله يمكن اليونايين النور الألمان ما بيعملوها أبداً أعوذ بالله,0
2438,4122,4122,شو وايك تحط صرماية عتيقة بنص حنكك انت كمان ما حدا خائن غير سلالة القرود الاسدية باعو البلد للصهيوني والايراني المجوسي,0
2488,3700,3700,كلام سليم وصحيح ويسعد صباحك يا استاذ وئام ,2
265,1295,1295,وهل يجوز ان تضحي بمرافقك لتمشي مخطط برأسك؟ الذي يقتل نفس له جهنم وبئس المصير ,2
81,4072,4072,جيش ابو شحاطة النصيري القذر الجيش الوحيد بالعالم يلي بيقتل شعبه كي يبقى الخنزير بشار متخوزق عالكرسي اتفووووو,0
1048,1831,1831,طبال بمرتبة طرطور عند ابن انيسه مخلوف ,1
3042,4698,4698,سد بوزك يا كلب انت واحد بلا كرامي واطي,1
328,5454,5454,هل تعلم يا عزيزي المتفاخر بأن الاورثوذوكسية ما زالت حية في فينيقيا بأن الفينيقيين ما كانوا مسيحيين,2
11,2022,2022,الله يحرقهم جميعا ما عدا هل كم واحد الشغالين ع المحطة و بس يخلص المونديال ينحرقوا و تنحرق المحطة و يصبح الجميع سعداء,0
1560,2153,2153,عماد عثمان قاهر ابواق النظام السوري ولما وئام الحمار يحكي ,1
4204,3804,3804,تونس عظيمة,2
516,5262,5262,كلاب حركة أمل فلتانين ع السوريين,0
4428,4133,4133,على اساس ان الاجنبي بيترك الشقر وبيتزوجك يا ام ركبه سودا,0
1079,2841,2841,الى اين يا فصعون السياسة يا جبران باسيل في زمن التبعيه والتعطيل,1
2334,5641,5641,بس حدا يقول مين هو هيدا النذل الطرطور يلي عمل هيك بامو تفه عليه شو واطي إلك يوم يا عاق واللهِ ولادك رح يكبوك كبة أوسخ من هيك وما تلاقي مين يلمك,1
2166,330,330,مي شيدياق ناحسة سما هالحكومة يا جماعة غيروها بركي بيمشي الحال,0
2616,3176,3176,نعم يافلاح  يا ضيعجي ياتافه يا درزي باتحكي عن السوريبن وانت اول من يتمنى موتهم وفنائهم وتبقى طائفتك الدرزية ياحشرة,0
3240,1416,1416,إنتي بالنسبة إلك الثورة زوجة الثور بس هلقد ,2
2789,4320,4320,ما بدا هل قد وقفو الطائفية بيمشي الحال,2
4604,3920,3920,لم يقل جبران باسيل غير ذلك كلامه دبلوماسي,2
3235,2649,2649,زمن الاوغاد ,2
2180,2275,2275,معالي الوزير الخيارين بيظبطوا ,2
2578,1563,1563,يا كلب يا لقيط ما حدا غيرك العاهر ابن عاهرة يا مرتد الله يلعنك ويلعن كل مين ع… ,1
4616,1136,1136,يا وزير الصدفة نحنا مرخينلك الحبل لاءن في عنا بالطايفة ناس عم يستفيدو منك ،،،، بوظيفة او معاش او واحد ف… ,2
3829,2631,2631,انت حمار يا ول ولا بتستحمر علينا,1
2398,3867,3867,انقبر احترم حالك يا واطي واغبى واهبل من العونية ما في,0
1373,5405,5405,لو بتخرس ولا احلالك انقلع شقفة مجنس لاجئ عندنا,0
2800,2266,2266,ليك يا شعبان لا انت ولا الغريب معترف فيكم واذا ميشال عَون ما بيعرف بامور الموحدين ينزلمن موقعواحسن لانو الغلط بيجر الغلط ,2
2686,1429,1429,سعد فرط ,2
4336,2844,2844,بس جبران باسيل عم يخبص كتيير,2
3029,2492,2492,ع اساس بيروت ناطرة اشارة منك لتستقبل امير قطر او غيره ,2
3910,5160,5160,سارقا من عند اومك مش شايف قديش بتشبها هيدي كانت تقعدك عليها لما تعزب يا نوتي ونسيت قلك كول هوا,1
306,259,259,وئام وهاب الطائفي سبق ووصف المرأة السعودية بشوال الفحم للأسف الإمارات لم نعد… ,0
1180,2306,2306,روح ضبضب ,2
1468,5466,5466,ترانا نحتاج الى حبة عنفوان ونبذة تعالي ورشة كرامة كما وترانا نحتاج الى تغيير الطبقة السياسية,2
4237,3144,3144,بشار الجحش ابن ابو سليمان ضيعجي نصيري خنزير وكتير رح يبقى الى الأبد مثل ابوه الخنزير الكبير ما عاد ألكم محل بسوريا يا خنازير,0
1225,3988,3988,انت مش مجرم يعني مش انت لي قتلتو للمعتر,2
1705,4371,4371,انت وذميم كلكم من نفس الزبالة ,0
131,3353,3353,سمعني لعنة روحه يلا يا علوي فشرت تكون سني,0
2774,3047,3047,العاهرات اشرف من طبل الجاهلية ,1
2647,4183,4183,ليش غيرانه يا ام ركبه سودا,0
2663,866,866,من وين لوين والكاتوليك بيخلفوا زي الأرانب؟ 😂,0
1051,3646,3646,جحاش البعث نمسح فيهن الارض من الايراني والروسي يا كلب لا بقى تهد مراجل ولاك احكم بلدك بعدان تعى تشاطر,0
30,3708,3708,موتني يا بسام عجبتني مزحتك  ,2
367,1117,1117,الاخبار جريدة بخلفية حزب البعص فخليك انت وابراهيم الأمين عايشيين مبعوصيين انت انسان نكرة ,0
4323,4116,4116,هيدا اسوأ عهد مرق بتاريخ لبنان,2
2850,942,942,بعرف مغرد واقف ل نوال بري بالمرصاد على كل تغريدة او صورة بتنزلها,2
3049,4645,4645,يا خي مارادونا مدمن مخدرات ويساري عفن والله بيستاهلوا خسروا معه,0
4276,4472,4472,اخت قطر وخنزير قطر وكل مين بيشد ع ايد خنازير قطر ,0
2061,3207,3207,اذا هو مجرم انت شو بشرفك اصلا لو عنا دولة متل الخلق والعالم كنت هلق يا بالحبس  يا مجنس سوري,0
3031,383,383,أقترح عليك ان تسدو لبوزك ,1
1674,4734,4734,هيدى اول كلب تفهم قرار السعودي لانو بلا كرامي معود ع الشحادي,1
2868,5008,5008,اسم الله عليك شعلت زكا,2
2875,5082,5082,من كان منكم بلا خطيئة فليدعم الشعب السوري,2
2577,5112,5112,عوى شي جديد,2
964,3269,3269,خراس ونضب وين وطنيتك يا زمك وقت ابو دشداشة ببهدل دولتك ورئيسك خراس ونضب,1
2927,4391,4391,جبران باسيل قلق من الخرق الاسرائيلي اليومي ل استقلالهم وسيادتهم ولكن لم ترف عينه من محاولة عصابة السفاح تفجير مساجد في طرابلس,2
2432,5833,5833,ولو عملك عقدة اللواء كل يوم تويت ابكي بترتاح   ,2
2817,5159,5159,بكره كل البنات نفس الريحه,0
3417,3003,3003,بالأذن من وليد بك الصيت لحضرتك والفعل لغيرك بخصوص تقلب المواقف السياسية مش عم نستطيع نلحق على تقلب مواقف الوزير جبران باسيل,2
374,33,33,سمج سميك زنخ كمخة,1
272,4080,4080,جماعة سعد الحريري كالحروف كبعض يحترف النصب والبقية يستحقون الكسر البعض  ليعمل سيلفي يستحق الرفع وكلهم كلاب سلمان الذي تحت شحاطته يضمهم,0
2581,909,909,والله يا معالي الوزير متل ما أكيد مبسوطين وعم نهلل لانجاز وزير العدل وللعهد بمباراة كاتبي العدل منتمنى… ,2
1725,3567,3567,بجامعة حلب عملوا اعتصام بساحة الجامعة وشحطوهن ع فرع الحزب بالجامعة وأكلوا قتلة وكزا واحد انفصلوا,2
2715,4602,4602,كول هوا وخلينا بموضوع الغنمات  رجعت حلب ولا لسا,1
3521,1795,1795,وانا اتمنى يا وهاب الكلب عدم توجيه كلامك الى معلمك وليد بيك الأنو الكلاب لي متلك ما بتح… ,1
4270,4585,4585,أصلن خلفة البنات بتجيب العار,0
2939,4147,4147,هيدي مش وزيره هيدي شيطان الحكومه عاملي فوق ال عملية تجميل وبعدا بشعه يا محلا المسخ,0
3770,998,998,طيب خراس,1
486,4125,4125,يجب على القضاء محاكمة لصوص المال العام ومغتصبي الاملاك العامة ,2
3419,2992,2992,هيدا حيوان سوري,0
2551,1130,1130,قصدك البغل جبران باسيل؟؟؟,1
3821,49,49,درس فى التاريخ ,2
1154,1188,1188,ضب زعرانك حسون لقدهرمت زت حالك ف شيئ نفق ياكزااااااااب,1
995,1315,1315,وبعدين مين سأل رأيك ؟ ,2
3592,2880,2880,فخامه وين الفخامه الفخامه خروف خروف حولكم حسن زميره خرفان قطيع لخدمة الفرس الصفويه انجسه ليس فى لبنان ,0
1269,4559,4559,ما بين الغباء وقلة الذكاء ما شفت اغبى منك,1
678,2240,2240,خليك عم تعوي وحدك وما حدا قاريك و ما حدا معبرك خليك عم تعوي وحدك ,1
2494,5234,5234,عفكرة اذا حطينا تنين جبران باسيل فوق بعضهن بيطلعو واحد تميم بن حمد,2
187,3276,3276,الرجل ما قال امن اسرائيل حق   نصيحتي للوزير جبران باسيل يحكي اللغة العرب ,2
587,418,418,اول مرة بعرف انو الصرصور بيضحك ,1
2184,4817,4817,انت كلكم تبع القوات بهايم أو في جحاش وحمير وخواريف معكم هو وعم بدافع بسلاحو عن لبنان ضد اسرائيل وضد التكفيرية وما خليتو سكين ما طعنتوا فيها ولو قادرين بالسلاح كنتو مستعدين تحاربوا اتدافعوا عن حبايبكم اسرائيل وحلفائها هلأ صار بدك يا يهاجم اسرائيل والاه حيرتو سمانا انتو القوتجية,0
2734,5379,5379,النازحين السوريين بكل وقاحة بيطلعوا يطالبوا الدولة اللبنانية,0
4550,2930,2930,يا وئام عم تخرب صاير كلو تامر علينا الوهابي والاخونجي فقط للأمانة ,2
3375,5436,5436,شو يا وجه العنز عرب الشمال الي برجلهم بتشرفك وبتشرف كل واحد مثلك وانتم الاعراب أشد كفرا ونفاقا سنح الي حامل رايك ما اتيسو,0
478,1319,1319,جبران باسيل من فشل إلى فشل بقيادة عائلة الفشل العونية المنصب الصحيح له هو مساح احذية في شارع الحمرا…,0
782,4078,4078,كفاية تنمر بقى يا زنجي يابن الوسخة,0
3557,1884,1884,شو نفع برامج مسابقات الطبخ مهما كان انتاجا ضخم اذا المُشاهد ما رح يدوق؟؟ ,2
3063,4015,4015,جبران باسيل ابن حرام مصفى عار على حزب الله التحالف معه,1
1853,4063,4063,لعنة الله عليك وعلى كل درزى خبيث تمارسون لعبة تبادل الأدوار في لبنان درزى مع ودرزى ضد يهاجم وهذا دأب أقليات الحقد الد ,0
869,1737,1737,ما عمنفهم خلص اخدتو قرار تعزلو لبنان نهائي ؟ مافي شي عاجبكن يا بتلعبوني عدلالي يا بطل بدي العب ، عيب لي عم… ,2
3328,3032,3032,حاطين جبران باسيل وقاعدين جبران قال هيك جبران حكي هيك روح يا بهيم شوف زعيمك لي ناهب البلد من سنة وبعدو,1
4293,2253,2253,يقول هتلر أعطوني واحد مثل جبران باسيل وسأجعل اوروبا تزحف تحت اقدامي من الجوع,2
4460,2736,2736,انا بقترح تلحس ,1
1261,4444,4444,ضحكو على هالهبيلة جبران باسيل ميشال عون جوزف عون جبران باسيل ميشال عون جوزف عون جبران باسيل ميشال,1
311,1287,1287,التفاتة جميلة منك استاذة ديمة,2
4440,1640,1640,خراس وسد حلقك لانو مافي هيك حالات,1
598,4441,4441,سد بوزك ,1
4590,5671,5671,أنا لا يمثلني جبران باسيل أن يكون وزير خارجيتي اذا كتير حابب تطبع مع إسرائيل ما في مشكلة معاليك,2
3762,2601,2601,فعلا  سياسيو لبنان حيرونا  بالأمس القريب كانوا يوجهون الانتقادات للدولة لأنها لم ترخص لشركات أخرى,2
1659,2264,2264,يبدو أن أسيادك في دمشق يؤلمهم الخازوق القطري ومنزعجين من الموقف اللبناني الرسمي مما يفسر ارتفاع حدة صراخك ,1
947,5067,5067,وئام وهاب والله لو وجدت من هو أقذر منك أو أسفل أو أكثر انحطاطا لدفنت نفسك أنت عنوان للرذيلة والدياثة ,1
1360,5756,5756,لك زبالتنا بتضل اشرف منكم ياعاهات المجتمع يا اعداء الله والدين يلي عم تتاجرو بل الكعبة,1
2273,4372,4372,طبيعي مو كل الدنيا تكون بتعرف بس يعني شي منه ولا كله,2
3870,1286,1286,لو قطر باركت بشار الاسد لكانت الوديعه مهمه ومفيده   ,2
3356,3529,3529,لك هادا بيندد هادا بيدين شو القصة مانن عارفين والمراقبين قاعدين سياحة بركن الدين خافوا الله يا عرب يا عرب خذلتونا باب قبلي بوجود بعثة المراقبين العرب,2
2435,1909,1909,غريب أمر هاللبنانيي كيف صايرين يتدخّلوا بأمور الوزرا ويعلموهن شغلن هني في شي مرة تدخّلوا بأموركن؟ اتركوهن ما يعرفوا يشتغلوا 😎,2
1882,4898,4898,لبنانى مشرد اى بلد يدخله للبنانى ينشر فيه الفساد والرشوة,0
1885,5480,5480,من انت وان كنت عمامة ترتدي فما انت الا لزعيمك السياسي تعبدي فما انت الا حقير يطعمه الزعيم الفاسدي,1
1554,2925,2925,واخرتك فلسطيني ابن كلب ,0
2691,1846,1846,نحن لكا بالمرصاد الجبل قمه من النضال وانتا غريب عنا انت مرتزقه لايران الدروز احرار ان جهلت التاريخ يا عبد علي المملوك ,1
1691,4589,4589,زمط يا محتال,1
3929,3022,3022,نحنا اهل الجبل مش معبرينك ومتبريين منك بدك بفنزويلا يعبروك الله يثبت علينا العقل والدين ,2
2068,1626,1626,مربحة لمن طلبها,2
1923,701,701,حمير,0
387,4970,4970,لو في دولة بتحترم نفسها كنت انت اوّل واحد بالسجن يا عميل يا قاتل يا مفتن يا خاين يا ماريونيت ,1
4144,3216,3216,انت سوري درزي اكيد او علوي او خربطلي  اخرس ولاك  انت وبشارك معك,0
4260,2720,2720,لعنة الله على الزمن الرديء اللي بيخللي الصرامي امتالك تعوي ,1
3868,3179,3179,يرحم أبوك ,2
1941,1108,1108,تعطّلون البلد وتتهموننا بالتعطيل,2
913,5274,5274,روح كب حالك بالزبالة ولك انت مابتنقبل حتى بتدوير النفايات ولك ياجحش الرئيس عنا مقدس انت شو حشر انفك مشتاق لشي بوط عسكري ولك حيوان,1
3605,3277,3277,جبران باسيل خراس يا زمك طلعت ريحتكم,0
2867,3340,3340,لك طز  عليك وعلى معلمك  أحمق البيت الأبيض,1
1330,2997,2997,مقاوم للناس المريضة هيدا صوص سوري أخي رضا أو ايراني,0
591,5256,5256,انت لا مرحبا بك بلبنان يا وهاب الصرمايه ,1
1675,3398,3398,معاليك بس سؤال انت ليش بتغار من معلمك شيخ سعد يا عمي بحس عنجد أنو حارق قلبك وانك بتغار منو صدقني ,2
2804,3406,3406,عاجل شرموط مجرم حرب يزور شرموط مجرم حرب تاني متله,1
2864,2995,2995,العمى بعيونكم شو حكا كلكم انبحتوا عليه طبعا لا اهلا ولا سهلا فيه صيروا لبنانية مابدنا تصيروا بشر تحياتي وئام وهاب ,1
1767,2929,2929,كم انت عظيم حضرة القائد ,2
8,239,239,كل كلاب ال سعود مكانهم قفص القرود ,0
2733,3620,3620,هدول الناس بالذات اوسخ بشر,0
3190,4405,4405,طز بهيك دولة والف طز بالحريري الفاسد,0
4101,1043,1043,بتصور انو في قيادة حكيمة لحزب الله على رأسها سماحة السيد,2
2988,2290,2290,جبران باسيل اتمنى لاتحط بلدك لبنان في مواجهه مباشره مع السعوديه بشوي تصريحات سخيفه تصل ببلدك الى حد البكاء في كل…,2
4093,5500,5500,رئيس روحي؟ تروح روحك انت وكل مين شد عمشدك مش تنعترف بدار خلدة وأميرها الصغير بالأول يا حبيب قلبه,1
4200,306,306,نتمنى انك تخرس خالص  ,1
541,763,763,شهم ,2
2003,790,790,العمى شو كل سنتين ليقبضوك لحتى تغردي هلأ        ,1
1775,518,518,هيدا أكيد ما في شي حيغير وليك ح إحكي جملة خارج قناعاتي برافو عليه جبران باسيل في قصة بنك سيدروس بشك…,2
3088,4306,4306,سلّم حالك يا وئام وبلا كلام فاضي  العقاب لوهاب وهاب قاتل ابو دياب ,2
4185,5556,5556,صفتو بمسح صرامي ع باب المطار ,1
1489,802,802,لقد احتكمت الى القضاء يا أستاذ وهاب بخصوص حادثة الجاهلية اعتقد انه يجب عليك انتظار التحقيق القضائي قب… ,2
95,5621,5621,رح اخلعك بلوك قد راسك العما  بينص قلبك شو واطي,1
3676,4732,4732,شو ه النشاط هاد يا حج ,2
3168,3274,3274,على القضاء ان يتحرك ,2
1683,4880,4880,اليوم الاردن وفلسطين اليوم يتواجه اكثر شعبين ثقيلين دم زنخين اليوم يتواجهون اصحاب ابشع لهجة مرت في تاريخ العرب تصنف كـ اسوأ مباريات الفيفا,0
3612,398,398,يا رب تموت,1
4067,1317,1317,هذا هو النهج الصحيح ,2
2952,2726,2726,الاماراتين يتفوقون على العالم بكثرة الغباء ,0
3182,59,59,اكل الهوى للواطي دواء الله يشفيك ,1
4319,3963,3963,للامانة هالبقرة تحديدا حاصلة على جائزة أكبر بقرة حلوب منذ بدء الخليقة,1
3229,1037,1037,احترم حالك يا شيخ والله وطات من قيمتك صرت مسخرة ودعوسة بين اجرين وأهالي الجاهلية عيب اذا ما بتعرف العيب… ,1
1579,68,68,أذا جبران باسيل يقودكم والجاهل شيخ الجاهلية يصفق للقرد       اكيد بيكون ي…,0
4075,4863,4863,فلنصلي ونناشد الرب بلكي بيوعى ضمير المسؤولين ,2
3102,5710,5710,والله انك كذاب يا اصلع الرأس والاخلاق بس ماقصر الزول نتف باقي الشعر…,0
4594,4811,4811,هدول جحاش القوات الجوية هههههههه,1
3665,4351,4351,بعد ساعتين حكي ما بينشبع منهم,2
1975,2917,2917,العما طلعوا الشباب لا بيعرفوا فرنساوي و لا بيعرفوا أنكليزي,2
2979,5361,5361,اتحادكم لخير الموحدين قلب الموازين زيارة وهاب للشيخ الغريب ,2
3846,2606,2606,كل العرب يتقنون التخريب العرب جرب ,0
2452,1522,1522,مافيا فاسدة وشعب منافق مسّيح جوخ,0
3383,1284,1284,طيب في تكبير نفخ شفط او بس شفاف؟ ,2
2185,3357,3357,وئام وهاب لامير قطر لا أهلا ولا سهلا بأمير دعم الارهاب وراعي الاخوان المنافقين في بيروت سد نيعك يا صرماية,0
3338,521,521,جبران باسيل رجل دوله وطالما الجميع يعمل لطائفته فمن حقه هو ان يعمل لطائفته,2
3812,4687,4687,حافظ يا روحك يلعن اليوم العالمي للاعسر,1
2008,551,551,معرفي قطر كل عمرى داعمي الارهاب لا بد من قطع يدهم ,0
153,4477,4477,أريد خطاب واحد للقوات اللبنانية تقول فيه ان الحريرية سياسية كانت خطأ تجاه لبنان وماليته وخطاب واحد عن فساد نبيه,2
2339,3534,3534,ما حدا منكم يتدعي إنه رؤوف رحوم حنون قديس ناسك راهب عفيف لطيف شريف همه الوطن والناس مقيم كان أو مغترب,2
4192,754,754,وين صارت مذكرة الجلب؟ عم يتهموك انك فار من وجه العدالة، بشرفك مش طلبوا منك توقف هجومك عل قضاء ليشوفو كيف بدن يلفلفولك ياها ؟ ,2
862,881,881,ويل لهم اذا اوقظ النائم ،لا يعرفون ما الذي ينتظرهم ، كل سباط من قياس و ما فوق   ,1
3646,1203,1203,اه يا هبيلة غنم ,0
3840,5725,5725,الضاحية الجنوبية بلبنان نفس القرداحة بسوريا المنطقتين بدهن حرق على الزبالة اللي صدروها للعالم,0
3823,4102,4102,الكلاب اللبنانيين يداهمون مخيمات عرسال للاجئين السوريين كلاب وستبقون كلاب,0
453,5794,5794,كذبك يا أيوب بكفي كذب وافتراء بحق جبران باسيل,2
3510,123,123,الخول جبران باسيل روح طلع حزب اللات والمليشيات الشيعية من بلدنا ليرجعوا النازحين يلي احتليتوا أراضيهم وهجرتون يا مجرمين,0
4430,983,983,يلعن الأسد 💚,1
3086,4427,4427,وفي شي نسيت تقولو انك واحد جاهل ما بتعرف كوعك من بوعك اه يا هبيله قال انا شايف قال مين انت اصلاً انتبه ما يفقع شي بالون حدك وينقزك,1
3856,35,35,عزيزي وئام هل يجوز نهاد ان يتركك حرا ام يجب سجنك يا بوق الفتنة ,1
3835,4927,4927,يا حمار ما تسمع ضرب الرشاشات واخافة وترويع الأمنيين هذا شغل المرده المجوس,0
4311,791,791,اصلا مع هيك عالم لازم نستخدم لغة الصرامي يا نعال الجنبلاط ,0
1644,3808,3808,وكما قال الشاعر الفرزدق السلاح النوعي سيصل قريباً بولشيت,2
3861,2359,2359,من وطأة التراث الديني مثلا المعركة الحاصلة الآن على ماهية زكاة الفطر عينية أم نقدية لك والله عيب تخيلوا أن كل زكاة,2
132,3017,3017,يا بهيم قطعنا علاقتنا مع ذيلكم قطر بسبب استضافتها و دعمها للارهاب,1
4197,661,661,حشرة سودانية إخوانية مهمتك نشر الكذب و العهر حذاء ايراني تموله قطرائيل,0
78,1161,1161,و الناشطات ما طالبوا بالقاء الضوء على بلدكم الزباله,0
2127,2052,2052,يا بيك عّم تخبرنا عن شي ما فينا تعملو نحن ماًعندنا نواب ولا وزراء بمثلونا بالدولة الا اذا زهقان وعبالك ليك ,2
3875,2691,2691,كلكن على بعدكن فركوشين ونص من بعد الجمعة طبعا وبقرارة نفسكن بتعرفو هالشي بنسبة من الدروز والك عين  ,2
231,79,79,ولك استحي بقى ما في عا لسانك الا سوريا ,1
1602,4937,4937,انسان براس حمار,1
1499,2254,2254,البلد لا يتحمل التطاول على الاجهزة الامنية ورؤسائها فاحترم نفسك وكفى اهانة والا سنعرضك على حكيم بيطري او متخصص في عالم الدين… ,1
2244,2803,2803,كسار راسك وراس معلمك وليد جنبلاط أبو تيمووو ,2
1938,1538,1538,العرب جرب انتو حلو مشاكلكم الي صارلها سنه وبعدين شوفو مصير غيركم منافقين,0
3877,4157,4157,روحي عالمطبخ ياكلبة الدب,0
363,4753,4753,اول مرة بشوف وقاحة متل هالنوع شفلي شي دولة عندا ذرة كرامي بتقبل انو كلب سياسي متل اشرف ريفي يدافع عن الإرهابيي,1
4216,514,514,دميم الكلب ليس له مكان بين العرب اﻻشراف انه حثالة وأمير الشواذ والمخنثين ﻻ مرحبا به في أي مكان أو زمان… ,0
3245,4855,4855,والمرشح الابرز لخلافة نصر الله هو جبران باسيل لما يمتلكه من وساخة وحقارة وقلة شرف,1
119,2623,2623,شو بدك في هيدا حقو دولار  كلب عميل سوري ,1
4182,5168,5168,قديشك واطي يا مارسيل السيد نصر الله مش بس بي الشيعة هو بي كل لبنان وكل حر عندو كرامة بهالدني واكيد انت ما عندك ياها ولك تفيييي صار الوقت,1
484,742,742,اكبر ظلم اذا الرئيس سعد الحريري بيمضي نحنا لليوم مراسيمنا ما انمضت من جبران باسيل بحجة ا…,2
3226,2634,2634,خرسي يا كلبه يا نوريه,0
3475,2540,2540,ثقي سيدني الكريمة انا شخص من الناس يلي مابيقولو النار بتكوي الا بكتوي فيا وعملت بمواقع ومحلات خلتني,2
1096,3519,3519,كول هوا شايفني خايف منك يعني هواي عليك وعل امارات شعب ما يجي بالاحترام طز فيك وبلدك,0
819,5210,5210,ليسوا  كل أبناء المتعة الخنزيرية من النصيرية أو المجوس أو الشيعة بل هناك من بقية الأديان أيضا,0
582,5141,5141,بصراحه معنا حق اسألت البنات بنص الماتش مستفزي و غبية,0
3363,2883,2883,جلدوك جلد ما قصروا ولله يا لاجئ,0
2017,4100,4100,و وحدة هبيلة بتزقفلن و بترقصلن   ,1
4328,3778,3778,جبران باسيل حليف حزب الزباله حلفاء شياطين ايران لبنان المزبله ومصدر المخدرات ومصدر الاٍرهاب يجب ان تعزل,0
3803,4077,4077,كيتا يازنجي ياحمار تفوو عليك,0
1425,1454,1454,قولي لضيفك ما يبلع ريقو احسن ما يتسمم ، مش مقبول الحقد هلقد على الشيعة,1
4652,2076,2076,قصدو الاوباش لي بيشبهو رجا الزهيري ولي ع شاكلتو ، إذا بعد ما عمل نائب معو مسلحين بيفتحو جبهة وسكروا الطريق لينزل حضرتو واطلقوا النار ع العالم فكيف ليعمل نائب ، وإذا عم تحكي من منطلق طائفي بدعي كل سني وبش حسب تعبيرك ما يصوت لمعاليك بقضاء الشو,0
3162,3491,3491,ما عطوك الخوة الهيئة   ,2
920,5662,5662,في واحد بي المكسيك ناطرينو يطلع من العصفورية بي هل يومين انشالله,2
413,2057,2057,انت زاربينك بمزرعه مبتعرف شي براتها كل ميخلص الشعير عندك بخبروك جملتين تصرحهم حتى يكبولك يرجعو شعير… ,1
912,286,286,ضرط الزمان على الاندال فعلاهم ,1
3508,5682,5682,الأردن بنت ميتين الوسخة قفلت الحدود بشكل كامل مع درعا عشان لا مدني ولا عسكري يعدي لما حملة النظام تبدأ الأردن ياما عطلت,0
1803,4572,4572,مع احترامي لكثير من اللبنانييين لا أستطيع ان اقول الا ان جبران باسيل مجرد حمار معبى بطقم وكرافة فهو,1
4583,5651,5651,هذا ليس الكلاب من كلاب إيران وحزب الشيطان ,0
1414,3792,3792,حب عذري سرمدي  لان التيار وبالأخص خبرة جبران باسيل كفيل بمساعدة المقاومة على تحرير لبنان وفلسطين وفنزويلا,2
971,3388,3388,شو بدو بهالدين الأعوج,0
4013,1092,1092,بتفهّم فهم وحدة فهما متدنّي هههه 😎,1
4193,2971,2971,دائما العناية الإلهية تنقذ لبنان من الشر المتربص به الرئيس ميشال عون رئيس للجامعة العربية لأربعة أعوام,2
2469,5017,5017,ماحدا حمار غيرك وغير ملكك هل بغل يا ابن الستين صرماية جايي من ورا الابل والغنم وبدك تحكي خراس وسد تمك احسن مادعس رقبتك يلعن شرفك,1
3075,5707,5707,معادلة قرآنية هذه معاليك ناتي بقوم غيركم ثم لا يكونوا امثالكم ,2
1029,3588,3588,ليه يعني ليه الأفضل ليش كل شعب بشوف حالو الأفضل كلكن بشر بتاكلو وبتخرو من نفس المحل وكلكن أخرا من بعض,1
1876,2892,2892,كمان انتا سوري ولاك قرد ولاااا,0
4125,1280,1280,احييك علي رؤيتك الصائبه تميم وعائلته ارهابيين ويدعموا الارهاب بكل قوه ,0
4331,3155,3155,ولن ترضى عنك اليهود ولا النصارى ولا المسلمين ولا النباتيين حتى تتبع ملتهم,2
2263,5214,5214,آخر فضيحة,2
3307,5548,5548,كل واحد درزي عايش و عمبيشتغل بقطر يلا لبرا ما بدنا ياه لنشوف اذا فيك تتحمل مسؤوليتون يا وئام ,0
2009,3381,3381,بفهمك يمكن صعبة عليك تشوف إنسان ناجح و نظيف متل جبران باسيل,2
3425,3904,3904,ايه مضبوط يا معاق معلمك الملطوش متلك نكش اوتستراد حالات عم بدور عمقابر وين ما كان في مقابر الا عند نظامك السوري ما هيك يا عوني الذمي العما بعرضكن شو بلا شرف,1
1026,1074,1074,شعر حلو,2
3978,1354,1354,ميشال عون جبران باسيل,2
88,5238,5238,يا ريت حركة أمل وبري بردوا عا كلاب المستقبل أمثال القرد علوش وغيره اد ربع ربع ما بردوا عا جميل السيد,0
857,1632,1632,وكل مين بيشد على مشدو وكل مين مغطية ,2
121,4006,4006,شو صرت سعودي او اماراتي؟ انا بقول اماراتي بما ان بتضلك هونيك بدي مال و عليتك رايحة جايي على دبي ,2
2230,2330,2330,لو بتراجع مقابلاتك تصريحاتك اقوالك كتاباتك ترى انك أكثر انسان تتهم الكل تهاجم الكل وتشتم الكل حسب الطق  ,2
534,1044,1044,وئام وهاب وصرمايتي سوا ,1
87,3968,3968,كول خرا منيح ههههه,1
340,2683,2683,غريبين أنتم أهل الجزيرة العربية  بتجوا لتعايروا واحد بشكله بتشبهوه لكائن ظريف الشكل والاخلاق يا ريتكم تتعلموا من الكلاب وتصيروا ظريفين بدال الصلف والجلافة والاستعلاء,0
970,3121,3121,وظيفتو يهاجم جبران باسيل,2
3133,601,601,يا باريس انت حمار ولا بتستحمر,1
1324,4512,4512,قوات سوريا الديمقراطية تتفاوض مع الأسد لتسليم المناطق التي تسيطر عليها الى الدولة السورية التي سيتم تشكيلها بعد رحيل الأسد,2
3396,231,231,اصمت أيها الذبابة المريضة العقاب لوهاب وهاب قاتل ابو دياب ,1
2193,2572,2572,كلي خرا افضل ما عرضك افرمو هلق ,1
1880,152,152,خليك مخبأ ب الجاهلية ,2
1302,5231,5231,تعو نفكر ليش الشيعة يلي آكلين البيضة والتقشيرة والدجاجة بالبلد بضلن مزعوجين من جبران باسيل,2
844,691,691,أسوأ شعور لما تحس حدا عم يسرقك ومش قادر توَقفه لأن بيوَقفك 😎 ,2
1420,5567,5567,سودا كلبه لول حقيرة,0
2576,2829,2829,هههه سعودي شو هيدا مرتد لولد لولد وتاني شي كردي ,0
4318,933,933,ما بدا كل هالقد عزيزاتي، كل ما في الأمر انو هو قانون الإنتخاب الجديد عويص والنسوان بشكل عام ما عندن إلمام بشؤون السياسة قد الرجال متل بالفوتبول مثلاً يعني لو نكّتت عن رجال عم يحكوا عن الطبخ كان مشي الحال مثلاً؟ 😎,0
4099,4336,4336,فيك الخصام وانت الخصم والحكم ,2
3069,581,581,مشاركة شيخ الغريب لم تأت من وراء ثقلك ومن معك  يا كبير   ، أتت من مشغليك في الغرف السوداء ونواياهم الإجرامية لزرع الفرقة وال… ,2
285,2951,2951,بدال ما تكلم عن تغريدة لئيم ما شفنا دولتكم دولة الحمارات تدعم لبنان وماشفنا حضوركم ,0
1408,1918,1918,اكيد مش فاضية بدك تكبي سم بين العالم,2
1537,567,567,جبران باسيل وصولي مريض بجنون العظمة نستعد يعمل ايا شي ايا شي للوصول إلى الرئاسة ومن بعدها مستعد يعمل أيا شي ليكبر و…,1
1950,4697,4697,فيصل كرامى لعنة الله عليك كلب حزب الشيطان انت مسمي على السنة بس مش اكتر,0
1355,5278,5278,العاهره متلك بتدعي العفه والحرامي بيحلف بالبراءه ,1
3520,1638,1638,الخيانة والاجرام بدمكن ، شو خص تيار المستقبل ، ولي بيطلع ع سوريا بحارب الشعب السوري شو بكون يا كبير او صغير ما بعرف,0
620,4740,4740,شكرننننن ويلعن روحه بهالمناسبة,1
1855,166,166,شيء خطير هذه المقالة الأولى ,2
3038,5039,5039,يا بغل العلم الي حضرتك حاطه هو علم تركيا يا طشم يعني مابعرف غبائك العجيب وراثة ام اجتهاد شخصي بس ترى يلبقلك علم تركيا لان علم الحمير على حساب مستجحش,0
4153,3052,3052,بس حابب شوف كلاب العونية كيف راح يكون تعليقهم على وزير الصحة بس اكيد راحً  يطم رؤوسهم بالوحل,0
2478,76,76,متل نبيه بري ,2
2105,1890,1890,صحيفة الاخبار يا خرى هيدي تابعة للخنازير اتباع نظام بشار بدك ناخد بي كلامهم وشو بيكتبوا روح اعمل رجال و… ,0
3657,2796,2796,الثرموستات القديم بعمره خلال الأربع سنين الماضية من وقت ما سكننا ما تعطل ولا مرة  يعني ليش اكل الخرا وثرموستات سمارت حدا يفهمني,1
837,4888,4888,كل لبناني ملعون والدين لا يحق له الجلوس ب ارض الحرمين لانه واطي وابن ست وستين كلب,0
3902,5447,5447,يا خليك بحالك احلا ما تسير هلق ,2
1525,5083,5083,إلى شركائنا في الوطن من المرده إلى حركة أمل إلى القوات إلى الكتائب إلى الاشتراكي إلى فلنتفق على نقطة عدونا الموحد,2
4571,4062,4062,يا هبيله بتعرف حالك منيح بطل هبل ,1
831,3669,3669,قطر دويلة الارهاب والشر في العالم ,0
3911,5362,5362,الانستا يوزر كلهم بدهم حرق,0
3232,5094,5094,لقد كان عاماً مليئاً بال يلعن روحك يا حافظ,1
4489,431,431,سخيف ,1
4234,552,552,عفواً بس شو هالتحليل الطيازي هاد من وين لوين الفلسطينية أشعلوا الثورة,1
4369,2382,2382,ما بعرف كيف بدي خبركن ياها بس غير إنو واطي طلع عرص,1
1120,3473,3473,سورية قلب الامة العربية ,2
2412,4942,4942,هاهاها طول بالك يا حمار مبين من إسمك إنك كلب سوري متل الحمار معلمك ,0
4019,3218,3218,تدري انك علاك وقليل حيى بس مع الاسف انك محسوب عالسوريين ياواطي روح ولاك عرص درزي دورلك على عجل يانذل,0
1816,4889,4889,نيعو ولك لبناني كلب,0
4368,1245,1245,بكيييييف بس شوفك مشووب يا بو صلعة,1
1698,2373,2373,يا قائد شخ سعد إلى مزابل التاريخ صيصان المستهبل ,0
67,5652,5652,ولك يا عمّي خلّولنا شي واحد يوقف كرامة فخامة هلرئيس آخر أيامه حاجتنا بهدلي ,2
440,2846,2846,نعم انا شيعي جعفري اثنا عشري واتشرف بذلك واعشق طائفتي وطائفيتي واعشق كل ابناء طائفتي,2
444,3931,3931,شعب تافه وسخ بلا أخلاق وبلا شرف تفه يا عيب الشوم عليهم,0
4578,3640,3640,نسيت بعض الوصف لشقيقتك سورية حافظ الحمار اللي خلف الكر بشار سورية تعني الجزار بسفك دماء الاحرار,1
482,2602,2602,انه بعض عشان تشيل عن حالك هاي الصفة وانت اكبر مطبل وعرص ,1
1128,2887,2887,يلعن أهلك بتقلك إيران يا حاقد يا بلا ضمير شو خص إيران يا نجس يا لقيط,1
812,3895,3895,تم ترشيح فيلم كفرناحوم للاوسكار عنا كتير امور نفتخر فيها بلبنان بالرغم من وجود جبران باسيل والحاشية تبعيتو,2
1252,733,733,نريد قضاء نظيف، لا يتناسى الفاسدين و المخربين ,2
4581,5585,5585,أعز الله دمشق وأذل طاغيتها وأعوانه ,2
629,2288,2288,نحتاج الى عميل سوري يا مفتن جوقة طبلي لزمرلك اولاد انيسة العاهرة         ,0
2170,483,483,كتلة الاخوة كتّاب العدل بيطلعلهم وزير بالحكومة؟ عقدة بيت نعيم ,0
2717,5726,5726,تفيييييي على أحسن شيخ بسوريا ازا ما بدهن حرق العمى هدول باعو آخرتهم بدنياهم,0
2151,4879,4879,حيضل سعد الحريري داعسك ,1
4377,2064,2064,اكبر بلاء على لبنان ثلاث اشخاص هم ميشال عون وطمعه بالرآسة وشجع صهره المعجزة جبران باسيل وضعف سعد الحريري و…,2
3201,1080,1080,خذوا براداتنا وغسالاتنا وانصرفوا,2
4438,987,987,مياومو الإعلام وشائعاتكم ما رح تغبروا عل صرماية الوزير الملك جبران باسيل يلي بتشرف إعلامكم وأصحاب محطاتكم المأجورين للخارج تفه,0
4388,2129,2129,كول هوا يا كلب يا فلسطيني اشرف من عائلتك الجربانه يا لقيط,1
4497,3760,3760,واضح انو فتنجي هيدا يا صهيوني يا قواتجي والاثنين واحد,0
2609,173,173,يا جماعه اللي بدو يدعي او يكبر او يصلي او يختم القرآن بإمكانو يعمل كل هالحكي بعيد عن تويتر بنوبكون ثواب اكتر لأنو الرياء با…,2
2544,1889,1889,أنت ذكي حمار,1
3370,3782,3782,الله بلعن يلي ربط الحمار وفلتك شو انك فهيم ,1
1476,51,51,بلبنان منخبر ومنقول الحقائق كما هي لا أعتقد أن عمليات الإغتيال قامت بها الدولة أو ج…,2
4235,1439,1439,ما حدا اسود غير وجك الاسود يلعنك ويلعن شكلك كلب سوري جعاري ,0
254,4309,4309,لو بتروح يا وهاب لوحدك افضل وجه لوجه الإستنكار يا بطل   ,2
422,3129,3129,سوري وتتكلم عن الأصول  ياكنعاني مافيه مقارنة بينك وبين أهل الخليج أنت مو عربي حتى أشكالكم مو عربية بقايا مستعمرين وملقطين من كل قارة ههههههههههههههههه,0
178,2462,2462,دخيلك مرتك وين سهرانه الليله في أياه كازينو,1
4619,148,148,جبران باسيل لا يقل عمالة عن حسن نصرالله,1
385,2680,2680,ليست المشكلة فقط في أن يعلّم الأمركيين والبريطانيين كيف يديرون ا ,2
2526,4713,4713,شو توقيت غير مناسب القصة كلها هبل نسوان ولا رجال ولا قرود عايشين سوا شو تعمل قرية للنسوان لحالهن,0
219,2536,2536,مع التحية إلى جبران باسيل والمهرولون العرب,2
2921,258,258,فيلم فاشل يا تعول الأفلام والكاميرات المعطلة,1
3400,3088,3088,تركي العونية و جماعة حزب المخدرات يعوا كلاب جربانة,0
884,473,473,هههه منهنيك علي لهيدا اللحام اذا دولة ايران العربية هيك طلعت معو و اذا كلكن هيك شي بخري عليكن ,0
4670,2679,2679,امننا مستباح و جبران باسيل بيعتبر امن اسرائيل حق بمقابلة مع ال تصديقا على كلام زياد اسود علاقتهم مع اميركا منيح ,2
1395,3163,3163,وانت من الدروز يافيصل وبتكتبو الخضر وشعيب وشبعرفني شو نسيت نجمتك الخماسية يا فلاح يا ضيعجي,0
335,5505,5505,معقولة امك توحمت على حمار,1
3999,4096,4096,يعني يا محترمة عم تجملي الكل,2
562,2617,2617,كول هوا الله ياخدك,1
983,4221,4221,العرب جرب,0
1016,4166,4166,يالطيف شو بشعة روحي عالمطبخ وسكتي حجة,0
3279,3749,3749,واحد متلك بهيم ووسخ وما بشرفني ناقش حدا قاعد بلبنان وانتماؤؤ لمحل تاني فبرجع قلك بس تصير لبناني منحكي,1
2976,883,883,كتب الشاعر واﻷديب العراقي الكبير مظفر النواب هل تعرف من هي أو ماهي دمشق؟ ☝ شقيقة بغداد اللدودة ☝ ومصيدة بير… ,2
2037,3513,3513,اه يا طبل الفتنة انت ,2
1007,3064,3064,ما تقول الا عوني فلتان من الزريبة لا أهل ربو  فيها  كلاب العونية ما عندهم غير قلت الأخلاق مثل معلمينهم    ,0
4066,5569,5569,شكلك قاطع الأمل ما يطلعلك ولا دولار ,2
4614,2854,2854,كول هوا وطلع ع شغلتك,1
3217,4101,4101,عباس يا نوري يا قرباطي اعرف من هو اباك اعمل ال د ان اي يا حفيد السستالني,0
2153,4348,4348,أنت اقذر واوسخ منه ,1
896,336,336,هدا الشعب اللي طرد الاسرائيلي ، لازم يصحى يوم ويطرد أصحاب المواكب ، لبنان كان درة المنطقة ، مو حرام… ,2
821,106,106,ال ً مبلشين من الليلة بالحملة ع جبران باسيل ب منا وجر,2
2901,4793,4793,اللي بالسيارة المفخخة هم من جحاش الثوار والصاروخ اللي فات فين من القوات حماية الشعب يا فهيم,0
3324,1748,1748,يلعن قطر وحكام قطر لان من لعنهم لعن اسرائيل ,0
3035,3184,3184,قانون طائفي مفصل على قياس الطوائف هو الذي انتج ضباط الأمر الواقع على شاكلة عماد عثمان     ,2
3908,5620,5620,ثورة متخلفين طائفية من الضيع والقرى والأرياف كلهن تجار دين دمويين مانهن دكاترة عيون دارسين ببريطانيا متل سيادته,0
2646,5481,5481,والله يا ستي حتى عربان بطلوا يلبقوا إلها همه بعران حمير خنازير اشي متل هيك,0
3504,767,767,الظاهر الجزيره بطلت تعطيك مصاري تتنبح كالعاده ,1
1483,1467,1467,عمر ملحس يلحس,1
1642,4424,4424,وليه روح عملك شي شغلي تفيدك احسن ما تجن بتحليلك لحديث السيد كبير عليك.آه يا هبيلة,1
416,3221,3221,كول هوا ولاك درزي الكلب,0
1922,868,868,صحيح يا صفيق ,1
1714,217,217,اضف الى ذالك انه داعم لايران وحزب اللات ,0
4047,1381,1381,عيب بلا ادب ,1
2607,2478,2478,تحية لفخامة رئيس الجمهورية ولسماحة شيخ عقل طائفة الموحدين الدروز ,2
3607,2978,2978,ههههه كووووول خرا يا عرصا,1
4562,5606,5606,وهاب ردًا على جنبلاط أتمنى عليك عدم التدخل بالتحقيق في إغتيال محمد أبوذياب ووقف التضليل ,2
2995,4908,4908,ياصفوي ياعميل لايران حامي اليهود معلمك البعثي الكافر روح شوف ميناء طرطوس كيف بيهرب الذهب معلمك الجحش سقط,0
2053,3544,3544,اذا معلمي زنديق انت معلمك شو ابن متعة انضب احسن ما كمل القصة يللي بتعجبك ,1
1774,4581,4581,انت اسمك ليس هديل بل هبيل كما هو واضح الشيخ سامي الجميل تاج راسك وراس هذا الخروف يلي معك,1
2492,910,910,طيب بشار الاسد بتدعمه حزب الله والامارات بتدعم بشار الاسد من بدايه الازمه فسر لي الموضوع ,2
2111,3127,3127,يا الدرزي المعفن فيصل قاسم إش تعليقك على السرسري العذبه يا فصعون الدروز خونه,0
3694,656,656,هههه شو بدك في عم تردي عليه هيك معودين بين بعضن يحكوا متل معلمن الشاريهن… ,2
4021,4256,4256,قطر مرادف الارهاب ,0
820,3396,3396,ولله ستحي شوي ولووو عن جد لي ستحوا ماتوا اساسا لو في عنا دولة كنت وامثالك مجردين من الحقوق المدنية,2
1859,1024,1024,او حمار يشنهق ما فيك تقتلن خليهن هيك ,1
257,4126,4126,القاصي والداني بيعرف انو بشار الكر مجرد عبد مأمور عند اسياده الروس والمجوس يعني حقو صرماية عتيقة لابحل ولابيربط لعنة الله عليه,1
4373,1247,1247,صحيح خبرنا كيف تحتك ,2
4649,5762,5762,شاغل الفاسدين والعاهرين ملك يا جبران باسيل العدرا تحميك ❤  ,1
409,4446,4446,حزب الزباله و مؤيديه من بلد الزباله تفو عليكم و على الخنزير حسن زميره,0
3642,5327,5327,انت وين امك,1
2330,5255,5255,والامامو علي انه كلاب اربتعش آذار ما بدن الى شباب حركة أمل,0
3278,2743,2743,كل الأوطان لها الحق بالأمان أوليس كل الأوطان فيها أطفال و نساء و بشر لا للغة الحرب لا للغة الموت لا للغة الدم لغة الحرب ,2
860,605,605,هلق لما طلعوا السوريين ضد النظام كانوا كلون ارهابيين ومدفوعين من الخارج وما في واحد منون مدني بريء، بس لما غيرون بيعمل نفس الشي بيكون بطل وعم يواجه الفساد الخ، السؤال ليش؟,2
4272,5298,5298,روح من وجهي ولاك وهابي نجس يلا حقك بلوك تفه,0
2383,3550,3550,بالفيديو نصرالله عن باسيل علاقة مميزة وفي صداقة وصدقية وإحترام وتسريبات ويكيليكس هامة إلي اللي عزز هيدي الصداقة,2
1998,627,627,مش شي عيب القرعة يا فهمانة ، بس كبراني الخسة براسو,1
379,5422,5422,انتي شو دورك بحزب الصرامي مسؤولة الشفايف   ,0
1147,3919,3919,مينك يا شخاخة بدك تعلمي العالم؟ومن ايمتا يا عونية صرتي تفهمي لو فيكي شوية فهم وشرف ما بتمشي ورا معاق باع عرضو للنظام السوري ونام بحضن اسد الاجرام لاغتال رؤوسائنا ونكل فينا ولاحقنا وبعدو عم يفجرنا وماشي تحت جناح ميليشيا حسن نصرالله رجعي شوفي يا عونية كتابك البرتقالي بتفهمي قصدي,0
57,1501,1501,حلوه بس أنفك مو مصلي عالنبي,2
3138,1582,1582,ولا واحد من الحمير العرب القامعين على السلطة انحنوا لا لكبير ولا لصغير,1
2742,4050,4050,لالالا فقط كلاب التيار العوني وخنازير سعدان زغرتا الكلبة الافرنجية,0
2269,2224,2224,اخر صرعات العهر و الشرمطة و النصب و قلة الاخلاق هو جبران باسيل,1
3254,4373,4373,لهجة شاوية فصحى,0
1140,287,287,هاهاهاها هاهاهاها عنجد حبيبي شو عم تحكي والله يا بيبي انا ما بعرف شو يعني صهيوني بس شفتو… ,2
3664,3621,3621,روق يا خروق اجرم من القوات ما خلق الله ومرجوعكن لصرمايتنا ولاك خنزير الله يلعنكم كلاب السعودية,0
4435,4265,4265,عربي سني اي فشرت تكون سني انتا وهابي قذر,0
1153,4480,4480,سد نيعك وطهر لسانك بالرمل الاحمر قبل ماتجيب سيرة سعد لبنان هيدا بلدو وانتو لاجئين وارهابين خون بدل ما تسكت تستحي على على دمك سد نيعك,0
2402,1972,1972,ما باءى تبخخخخ سم إذا ما عندك شي إيجابي تحكي دخيل عرضك التزم الصمت ما ناقصنا سم ,2
4584,2322,2322,أموال الكون التي تزيد ألسنتكم طولا لن تصل إلا لتمسيح حذاء جبران باسيل,1
1463,5369,5369,انت كتير حمار يا وئام ,1
3386,2587,2587,هيك شخص بالنسبة لها الجنس الاخر كائن غريب بحياته ما احتك فيه  بيصير يفتكر ان شي مثل الطبخ هو فطرة غريزية,2
2201,4925,4925,هذا هو حزب المردة حمير وكلاب وخنازير,0
2862,3715,3715,ومعلمك وجه له دعوة فيك تواجهوا شخصيا ,2
3477,3955,3955,يا حمار قمة يعني زبالة,1
3382,772,772,صدقت جبران باسيل مازال بالزبالة ولم ولن يخرج هو واعوانه,0
537,1873,1873,كيف اغض النظر عنك وانت تملك ماتملك ,2
3934,664,664,لو خبرتي غير خبريه عن سعد كانت الناس صدقتك بس انو يكون سعد الحريري حرامي روحي يا هبلا ,1
627,5338,5338,ولك روخ انضب يا خاين شوف مين كان مجتمع معهم اتتو وحلفائكم,1
3092,4540,4540,هذا الكلام ليس صحيح النتائج دليل واضح على تدخل اهل السياسة انظر الى النتائج جيداً من ارادوه زوروا له علامة قوانين اخرى ,2
2354,5733,5733,انا كنت جرب احكي انو لبنان و نحن ولازم وحدة وطنية اي شي بيهوي من هيك شعب عميل للعدو الصهيوني و بكل وقاحة بدن يتجرأو على رناجرنا الي اطهر منهم ومن اذعمائهم نشالله رح يجي ليوم ويعرفو انهم لا شيئ فقط ذباب لا اكثر,0
2806,3437,3437,السياسي الوِسِخ بعين جماعته حربوق,1
2176,3934,3934,جبران باسيل بيخربها,2
290,1253,1253,يا عيني ملا حريدة ، جريدة الاخبار للفتنة و للكذب بتحدى جريدة الاخبار تحكي عن الفساد و السرقة في مجلس الحنوب ,0
2138,3100,3100,هيدا  تيار حقود يهودي مفكرين حالن أحسن بشر وهني من أسوأ بشر ربنا جابن,0
13,4623,4623,وليد جنبلاط عميل لليهود كلب متلك ومال أسيادك عملاء حقراء الخنزير اشرف منكم,0
2013,5318,5318,انت اخنزر من الخنزير واوسخ من الوساخة حثالة امعة جعر نتن,1
3128,5076,5076,هي تركيا العاهرة ذات الشعب القذر والقومية القذرة ويلي عملتو منها انتو الاخونجية كعبة للمسلمين اللهم دمر تركيا ارضا وشعبا,0
3615,947,947,كلامي ان حزب الله الحامي الوحيد للبنان معناه ان في لبنان ما… ,2
3260,3383,3383,انت اجدب ولا عم تجدبا لا اجدب ازبط اول شي لانك فلاح وابن ضيعة تاني شي فشرت,0
1141,3622,3622,قذرين وسخين داعش قليلة عليكن,0
441,4796,4796,كول هوا بشرفك,1
842,1507,1507,طيب بيعنا سكوتك او بمعنى آخر كول هوا,1
260,3162,3162,يعني يا انت أهبل يا مصدق حالك,1
1474,1334,1334,لما بيكون فيه شعب سخيف متلك بيهوج بنفس وقت هجوم الإمبريالية فلازم يندعسو مع بعض أنت سخيفة لدرجة التفاهة,0
2625,3008,3008,يقطع عمرك ما ابشعك ,1
954,1891,1891,الدعم من قبل المنظمات الدولية والعربية، للنازحين،يجب ان يكون لتحفيزهم على الرجوع، والمبدأ الذي اقر في القمة الإقتصادية، ب…,2
2983,2438,2438,انتي و وئام وهاب والصرامي سوى متعودين ع لغة الصرماية السورية يا لحيسة ,0
1190,1114,1114,كول هوا عاساس مملكة الشر في محاسن ما هي اهوا مملكة ع وجه الارض من تخلف وذكورية وعنجهية وتطرف ودعشنة  م هالمملكة بأجري,0
3353,1801,1801,خراس يا خنزير,1
3263,3257,3257,فشرتي يا قواتجية يلي كنتي توقفي عالحاجز وتاخدي منا ربطة الخبز اعرفتك من عيونك,1
4492,2033,2033,وحياة عشك   ,1
659,5587,5587,لبناني قليل الحياء يستخف بالمشاهد بس هو مع من يدفع أكثر,0
1797,999,999,عندما يذوب التلج يبان المرج واذا ناطر عثمان ليضع الاصفاد منقلك نطور يا كديش ليطلع الحشيش ,1
652,1533,1533,انعل أبوكم لا ابو جيش اسرائيل ، كلاب كلكم,0
569,3290,3290,يا نصراني ابن المجرم أنت أخبث من الحمار سبعين ضعفا يا كلب,0
1211,4537,4537,تحملنا واحد كلب علوي نجس سنة وسكتنا عن مجازر أبوه بحماه من سنة وبس إجا حدا عم يضرب ويوجع فيه ماتحملناهم يومين خف علينا ياملك الديمقراطية,0
250,4169,4169,سكتي وليك شرنة هاد جوزي بدنا نضل بسوريا ونطهرا من الجراثيم,1
3001,3434,3434,بدي اشوف وين وح تصفي يا شيخ النور انت وكراكيعك اذا طلعت روسيا من سوريا عليم الله غير اهل درعا يحتلو الشام ويربطوك انت ونورياتك بجبل قاسيون,1
4178,1712,1712,حمير والله حمير ما قبلانين يصدقوا انهن حمير,0
1860,1221,1221,دمشق حانيه العرب والام الرحيم والاب الرؤوف والشقيق الحاضن ولكن العرب طمعوا بها وقسوا عليها وارادوا ذب… ,2
1102,944,944,مياومو الاعلام غادة عيد بس يطل الملك جبران باسيل بتركضي بتفتحي الباب وبتوطي راسك بالأرض وما تنطري بخشيش منو لان ما بيد…,0
167,5109,5109,مش معروف شو بدو  شو عدا ما بدا      ,2
2643,5490,5490,الشيطان الاصغر,2
184,4055,4055,سوف نرى كلاب زغرتا ولبنان وبيت فرنجيه وسنرى كيف سوف يستطيعون الهرب وتخليص انفسهم,0
3940,1473,1473,مبين ادي انت معفن ووسخ نظف حالك ولسانك افضل من انك تنشر وساختك عند النظاف   ,1
2632,5448,5448,رسمة قديمة رسمتها لرزان زيتونة رزان تمثل لي أحلى شي بسوريا وأحلى شي بثورة,2
1587,150,150,في مواقف وزير خارجية لبنان جبران باسيل المؤيدة لبشار الأسد ما هو أبعد من السياسة التفسير في الطائفية الفاقعة التي يصدر ع…,2
2993,5555,5555,اه يا هبيلة على اساس وقت كنت انت وزير كان عنك مصلحة الوطن يا كلب ,1
4499,4484,4484,شيت او ماي جاد فاك ماي لايف كول هوا تلحس طيزي,1
4452,2109,2109,اللي عنده كلبة يبي يزوجها للكلب ذا يرسلي عالخاص,1
3437,392,392,قد يكون كما تدعين لكن له مبدأ واضح مو متل العواهر الي عندك ,0
1987,5455,5455,الله لا يعطيكم العافية فوق تعبكم لو ضلينا روم افضل و نحنا رومان اصلا و سريان يا امة الجهل و الخرف و الهبل,0
1179,4224,4224,خليكن قاعدين عجنب و ساكتين لان بعدنا عم نصبر عليكن بس كلو الو حدود ما تلعبوا ,2
2264,3447,3447,الدم بيرخصلك الله محيي اصلك ,2
3842,3189,3189,هذا هو مستوى فهمك وهو دليل على انك حمار,1
2002,3252,3252,فكرة حلوي حبيتا      ,2
2531,678,678,و الله يا رفيقة طلعلي حب شباب على حبالي الصوتية و انا عم قلهم بس فالج،شعب تنح لا ينخبز و لا ينعجن,0
3253,4314,4314,هيدا لبناني لإنو عميل طز بهيك بلد معفن,0
1965,4466,4466,هاي يا غلن؟إي إنت أول شي ضحكة بقرة معلوفة بمعمل مرتدلة تاني شي يا شريف مكة إنت مع إنو مكة أشرف منك جماعتك شو قدموا ,1
3513,3936,3936,الله يلعنك انتي وياه يا بلا شرف,1
2301,3716,3716,معاليك يبدو اننا نحتاج الى شعبٍ جديد بكل اسف ,2
16,2707,2707,الراية الاخبارية الجزيرة جبران باسيل نخص بالشكر أمير دولة قطر الذي كسر الحصار المفروض على بلاده,2
83,811,811,مفطر يا كلب عم تتطاول عالدين وتجرح مشاعرنا هئهئهئ 😭,1
4667,2768,2768,تزوج ابنتي واعطيك وزارة الخارجيه,2
564,3010,3010,ليكون بمعلوم معاليك لم ينجح اي علوي بالرغم من الوعود الكثيرة التي وعدنا بها التيار الحر وباقي آذار هذه مهزلة ,2
1105,12,12,يا عيبو عليكي يا إيران عم تحوي إرهابيين تعلمي من السعودية درسيهم عندك وبعتيهم لبرا,0
6,5549,5549,نصيحة احكي مع الرئيس ميشال عون او هاجم جبران باسيل مليار دولار جابو من قطر شكرا قطر,2
1119,5135,5135,اصلا كل البنات جاهلات,0
2404,2641,2641,كلمة بتاخدن كلمة بتجيبن ,2
4512,4620,4620,هون معاليك عم تتحدث باسم ايران وسوريا والمقاومة وووووووو ,2
747,2244,2244,لا شيطان إلا أنت يا وهاب ,1
1467,5558,5558,وإذا كان العدد ألوف مثلاً رقم بسيط بحجم سكان لبنان سكان ضيعه فلا يعدوا لإقتصاده بشيء,2
2375,276,276,الخلع والكسر يستخدمه ابو منشار الأخرق في كل مكان يا جربوع,1
4043,1198,1198,بس يا حمار كول هوا وسد بوزك احسن ما اخلعلك نيعك واحد هزء زبالة,1
2857,5111,5111,اللي استقبلوك أتفه منك يا اخونجي ياخائن,0
2529,6,6,ما سمعنا جعاركم مبارح على القصف الإسرائيلي يلي اغتصب سماء سوريا ، نباح و عويل جيش ابو شحاطة وصل لقبرص,0
1582,2351,2351,مش قاصدك انت خراس  ,1
3589,3975,3975,هيك ما كنتي عم تتعلمي السواقة  كنتي عم تتعلمي كيف ترتكبي جريمة,2
4354,3747,3747,دخلك بشار شو عمل بشعبو شو يا وئام ركز شوي,2
2320,1588,1588,عهدالعلوج ، عهدفاشل استغفر الله من امثالكم ,0
1134,2833,2833,ليش بدها تتشكل الحكومة إذا ما راح يتغير شي لا العقلية ولا النفسيه ولا الشهيه ولا بعد النظر ولا التصرف,2
2066,3580,3580,سد بوزك يا كلب انت شقفه عتال بتشتغل ببلدي خراس ولك حشره اذا بدك شغل بدي ناطور لبنايتي بشغلك بتشطف الدرج عندي وبتلم الزباله,0
1915,495,495,كمشتك رولا ياوئام عطني نصيبي انا ورولا من المصاري تبع دبي ههههههههههههههههههههههههههههههه… ,2
1707,1593,1593,يا هل ترى سواد قلبك مثل سواد عينيكي والشاطر يفهم,2
348,3901,3901,كول هوا متل ما قلك,1
406,1039,1039,يا زلمة كمية القرف باخبار جبهة الخرا وفتح الشوئسمو ما بيقرفوا ما حسو حالهم اديش حمير ومتخلفين ومن القرون الوسطي وانو خربو عحالهم وعغيرهم,0
4126,5525,5525,لم يستطيع الكون مواجه اسد واحد كيف اذا كانو اسدين ,2
972,1817,1817,بس فعلياً صرت وليد المعلّم مؤخراً,2
1633,283,283,بالتأكيد جبران باسيل سيجعل المسيحين ينسون شيء،واعتقد سيكون الحليب الذي رضعوه,2
3372,4074,4074,ههههههه خراس و خريها ههههههههه كلب اسود,0
2839,4944,4944,حمار من حمير التيار الحر منتمنى انو وزير الاشغال مايكون متل اللي سبقو ووزير الاشغال بعدو هوذاتو,0
307,279,279,الله يلعن الإخوان المسلمين و بلي بذرهم للمرة الالف على التوالي أُناشد رئيس كوريا الشمالية المحترم كيم… ,0
256,5758,5758,جبران باسيل عار على العرب ككل ماهو الا فرخ مجوسي أبتليت به الأمة العربية,0
2352,4582,4582,كل ما اسمعلك شي ما فيي قول إلا سد بوزك,1
3850,1195,1195,ما احد يربط هالجحش,1
1202,5498,5498,عهد العمالة,2
3830,5696,5696,وانتي كمان خرسي   ,1
2634,1572,1572,كلب أسود مختلف,1
2963,880,880,مش بس مختل ، على ذمتى انه حشّاش كمان ، مع إحترامي للحشّاشين,1
4399,4286,4286,طز بهيك استحواذ وبهيك نادي صار مع هيك مدرب حمار يلعن خواتك يا فالفيردي,1
2655,700,700,هذول نفسهم بيحبوا الاسد ومعتقلين ان الثورة السورية مؤامرة ويؤيدون قصف المدنيين بصراحة أزبل من اليمين,0
2569,2305,2305,والله لا يسلم فيك ولا عطمة يا باسيل يا ابن جبران,1
3903,50,50,انشالله يضلل حصرمة بعينك وعين غيرك جبران باسيل قرفت سما الله تبعنا انشالله بضلل مقهور وبضلل جبران با…,1
3540,5028,5028,تضرب انت والفهم يا محترف انت مين انت لتحكي عن السومة هيك الغير احترافي واحد  متلك طشم يحكي هيك عن  كابتن بحجم انديه كبرى و للعلم السومه اكثر حدا بادر للالحتاق بالمعسكرات للمنتخب ف سدووو لبوزك,1
2886,2178,2178,كل عمري إسمع عن أعور الدجيل و حمارو و قول معقول بس طلع مزبوطه يلا واحد منكن دي و الثاني أعور شي طز يالالي ,1
2987,5460,5460,لولا الفلسطينيين واللبنانين والشاميين لكان انتو لليوم تشربوا بول البعير تاكلون بصحن وتبزقون منو,0
3247,4148,4148,مي شدياق انتهت صلاحيتك بين الرجال ما عاد الك منفعة هههههه خرسي بقا حطي إيدك البلاستيك ب,0
1610,4728,4728,يسعد أوقاتك معالي الوزير ,2
4366,277,277,الله يلعن كل من دمر لبنان وداس ع رقاب اللبنانيين إبتداءً بإسرائيل أبو عمار ناصر حافظ معمر صدام الخميني… ,0
127,977,977,النسوية هلأ صار بدها تمثيل حسب الكفاءات أما بغير مطارح بتطالب بـ وبحصص لما يكونوا النسوانات قليل التمثيل تبعهن مشان يدحشوهن بكل مطرح غصب 😂,0
3549,3058,3058,سكت كلاب العونية فلت كلاب حزب الله القافلة تسير وكلاب حزب الله تنبح,0
1332,1255,1255,والصرماية حسن نصر الله هو محور التسامح و السلام با طبل ؟؟؟؟ ,1
783,549,549,تحية من قلب فلسطين الى قطر والى اميرها الشيخ تميم وليخسأ قتلة الاطفال في الشام ,1
854,4247,4247,ما في كبير بوجودك قائد طال عمرك ,2
1910,3413,3413,عجبتني هيدة خليك تضوي وتطفي وتعوي عالقافية مش غلط ابدا ابدا ,1
2345,2847,2847,عنجد اول شي بدي هني اذاعه الجديد لانها اول شي بتهتم بالزعران وبتسوق اخبارهم لك مين هيدا  ,2
4136,4023,4023,فخامة الرئيس لو شي فقير عبيعمل غرفة حتى ينيم ولادو كان تمرجل عليه عماد عثمان بس هذا الزلمي اسامه شهاب عامل مشروع بد ,2
217,4594,4594,كل من يفصل بين الرئيس ميشال عون والوزير جبران باسيل أراه واهماً,2
1470,621,621,وإن الظالمين بعضهم أولياء بعض والله ولي المتقين ,2
2418,5155,5155,ياخي انا بكره البنات كره العمي,0
744,2897,2897,دخل هالبسمة يا قاهرهم ,2
719,2117,2117,لعنة الله عليك يا وئام وهاب الله يذللك لأنك انسان مفتري و كذاب ما طالع بادك شي الا تعوي ,1
369,1075,1075,بشرفك شو نوع الحشيش يلي عم تدخنو شكلو ممتاز,2
3764,1241,1241,نصرالله ما عزز الصداقة مع شخص العماد عون والوزير جبران باسيل هي حرب تموز ووثائق ويكيليكس,2
2969,1749,1749,معك حق بس هودي حلفاء أسيادك يا دب ,1
1580,5510,5510,ياعمي بتحب سورية روح لعندها عيش فيها صرعت سمانا فيها انا لو بدلك بروح بعيش فيها بس بتعرف انك هونيك بتكون ميو بسين ,2
4306,4812,4812,مشكلتك حمار ورح تبقى طول عمرك حماااااار ,1
1782,1174,1174,هيدا لصح اذا ع إسرائيل أن تحمي حدودها لازم توقف لانتهاكات وين لغلط يا بشعه,1
1126,1553,1553,الله يلعنك ويلعن هيك بلد فاسد مثلك ,0
3271,1053,1053,وئام وهاب هذا الشخص سبق ان تهجم ع السعوديه ومعروف انه بوق لحزب الله وعلى فكره تراه مطلوب لد… ,2
1416,3883,3883,وئام وهاب من أكابر عبيد ولي السفيه الفارسي الإرهابي في لبنان يا د علي النعيمي و كذلك وئام و ,0
2252,3599,3599,شي مرة نديرا حمرنة,1
3045,5360,5360,كل يوم بتتأكد قديش العرب بدهم حرق,0
51,865,865,شخبط شخابيط لخبط لخابيط مسك الألوان و رسم عالحيط عراية نانسي  ,2
4273,1567,1567,ما شاء الله مثل القمر كثير طالعه حلوه,2
1295,1258,1258,يلا ولا خنزير الله يرحم صدام حسين لي كان داعسكن,0
4186,1977,1977,مهما فعلت قطر لا يساوي شيىء أمام ما فعلته السعودية الارهابية ,0
4568,1750,1750,شيعة جنوب لبنان معروفين عند اللبنانيين بالفوضوية ورفع الصوت وعندما يهزمون بالحجة الحل عندهم الفوضى,0
4052,128,128,عايشين على اشحاته هذا طبع اشيعه يعشون مرتزقه ,0
3114,921,921,المقارنة بين جبران باسيل والدكتور سمير جعجع لا تجوز،الاول ناشئ في السياسة وا…,2
961,1905,1905,شكل السهرة مع وزير خارجية لبنان الكلب جبران باسيل كانت حمراء بالحيل واحتمال ارسلووو له شريط الفيديو و…,1
3367,2510,2510,فرق كتير كبير بين الرئيس ميشال عون وبين جبران باسيل  الرئيس بتشوف بوجه نوع من الحب والتعب أما جبران ما بت ,2
3486,741,741,وانت وش مضايقك من حديثنا عن ايران لايكون انت الكل… ,2
4600,1524,1524,يعني انت سياسي عاهر ,1
3234,313,313,من اعطاك مفتاح بيروت حتى تمنع من تريد ،وتستقبل من تريد بيروت عاصمة مشرعة الابواب ,2
3479,3084,3084,اردوغان اكل هوا,1
2677,4747,4747,ايمتى موعد خسارة تونس,2
2865,5580,5580,خراس ياششمة فرنجية خراس واذا مابتعرف شو يعني ششمة هي بيديه مرحاض  تلئ راسك يا حقير يا زبالة اصلا تاريخ عيلتكن اسود متل وجك,0
2885,2400,2400,وأطفال سوريا عم يلعبو بدريم بارك,2
4173,1441,1441,قدح وجم تفه عليك وعلى برنامجك وعلى المحطة لي عم تعرضلك,1
1664,2890,2890,لو كنت سوري يمكن كنا عذرناك بس انك تكون اعرابي وجاي تاكل هوا هون بحط البوط بتمك ولاك,0
649,3560,3560,اعلام رخيص وبلا منفعة عملوا اد ربع جبران باسيل ورجعو حكوا روحوا عملوا ثورة عا لي هني,2
2434,2787,2787,هو توم لخبير نصر الشيطان ,2
3748,4456,4456,اي سد نيعك ابو صواووووووويخ جاري دعسك ,1
2605,1710,1710,كيف وجدتم مقابلة الوزير جبران باسيل على قناة ال  ؟,2
1667,2350,2350,أوضح تجليات هالظاهرة هو خراي عالاتنين يلي صار بيمثل مواقف أغلب السوريين تجاه أي أزمة أو حدث دولي أو عربي  أو اقتتال فصائلي داخل سوريا,1
346,2776,2776,له يا غالي نزعتا معنا معقووووول ولا كاتب عدل علوي ولا وزير وحتى سرقو مننا واحد من مدراء عامين حتى ح  ,2
4580,3004,3004,شو صار بالاخبار المقدّم ضد حضرتك من قبل مجموعة من المحامين بجرم اثارة الفتن والتعرض للسلم الأهلي؟ ,2
1206,2763,2763,انت الفهيم وانت صاحب العقل النَيِّرٌ وانت القصة كلا بس بلا تفرجينا هلقد أنك بتفهم حرام البشرية ما بتستوعب ذكائك,2
3969,5398,5398,اذا انتو الفلسطينية منقسمين فتح وحماس كيف السنة والعلوية بدهم يتفقو بعد ماقتل العلويين من السنة اكثر مما قتل اليهود من المسلمين,2
602,805,805,نبيه بري علاقتي ممتازة مع فخامة الرئيس,2
4551,4232,4232,متل ما بداء جبران باسيل وزمرة التيار بنبش القبور كمل الرئيس الأوي بالتفرقة مش جديدة عليهم هالغة عهد فاشل من تيار عاهر,0
3737,2475,2475,اهم شي تعمل سكرين شوت وتبعتها عالسفارة السعودية عشان يعملوا حسابك بالرز ,2
3585,4296,4296,فاشل ومتخلف شوف بلدك ياغبي لكن تضل تابع وذنب لحزب الشيطان وهوا الي فشلك بالانتخابات ياغبي    ,0
4221,5776,5776,شكرا جبران باسيل ما هيك,2
1440,4686,4686,نصرالله يكسر الصمت,2
205,3208,3208,الله يفصل راسك عن جسدك يا درزي يا قذر,0
4224,458,458,اخرس يا كلب أيران ,1
1660,5409,5409,معقول عم تقل بالعشا كرمال هيك عم تحكي شعر ,2
4365,5055,5055,يا زلمة كلهن هيك بالسعودية طشم,0
3259,3605,3605,صيروا زلم ووقفوا بوجه ياللي مسيطرين ع لبنان بقوة السلاح وطلعوا خنازير حزبالة من بلدنا وبعدها تعال واحكي يا طرطور,1
2440,3467,3467,قلمك واضح وللحق ينحني للاسف معاليك كانو ناطرين موتك بس الله كتبلك عمر لانك صاحب حق والله يحب الحق,2
1251,4418,4418,بلي تسترك شو حمار لو عندك دم وضمير كنت بتقول الحقيقة مين حاول قتلها وقتل العشرات من قادة ثورة الارز يا بلافهم اه يا هبيله,1
1589,2862,2862,لي اصلا اكتر بلد عربي قراراته داخلية مية بالمية والدولة بتشتغل فيه بلا ميزانية وبلاحكومة ,2
3989,1667,1667,كل لبنان عهر في كل شي,0
4062,5749,5749,جبران باسيل والزبالة,2
3767,4819,4819,عن جد جحاش القوات و اذار نهيق و نهيق,0
944,3139,3139,عن جد وقح,1
1656,99,99,صحافة أردوغان بلشت تخوّف أوروبا من موجة لاجئين جديدة شكله الحدود التركية رح تتسكر بوش يلي بده يحاول يطلع من إدلب,2
3330,4473,4473,اه يا هبيلة ,1
1543,4382,4382,هذا شيخ الفتنه يا ابا الفتنه ,2
1883,1583,1583,وزيركم مخرف,1
755,3523,3523,شكرا تيمور جنبلاط على ترميم طريق الجاهلية منطقة هذا الشاذ وئام وهاب خلي كل العالم تشوف بتطلع بتاكل خرا ,1
4391,3741,3741,كلام جبران باسيل كلام دبلوماسي وكلامه بحق اسرائيل بالأمن مشروط بأن تكف يدها عن لبنان وعدم الاعتداء عليه,2
129,2115,2115,وان أتى الصبر بال ز مش بال ص ، فماذا تفعل؟ ,1
4225,2054,2054,ياخي خرى نص الصحفيين يلي كاتبين مقالات وبدهن يعملوا موضوعيين إما ما مدورين عن الموضوع وعرفانين خلفيته فياكلوا خرى بيكون أحسن أو متقصدين يكتبوا هيك مشان أجناداتهن وكمان أحسن ياكلوا خرى بتحسه جهاد وانت بتفهم الناس شو مسوي وبيسوي الأسد,1
